Year,SL_NO,Customer,Part_Name,Part_Number,Rev,Manufacture_No_Tool_ID,Press_Tonnage,Mech_No,Tooling_Life,Speed_SPM,Model_Type,Cavity_No,Tooling_Size,Material_Model,Thickness_mm,Material_Width_Step,PPEP_NO,Blanking_Gap,Designer,Plating_Supplier,Product_Position,Col_AD_Tool_Shot,Current_Total_Strokes,Warranty_Max_Strokes,Actual_Baseline_Shots,Stroke_Wear_Percent,Health_Status,Matched_Die_ID,Matched_Tool_Name,Match_Trace,Part_Picture_File
2024,"1","STL","Fixed Contact","51207084 S1B38101B-BOI","18/00","L10.TD.61","80T","1#","15M","100.0 SPM","Progressive Tooling เนเธย2 Cav.เนเธย","","600mm*430mm*293mm","SPCC-SD","1.0","54*13","/ SELV","Unilateral 0.05mm","Yang","CHINA","THAI",,28995167,15000000,37880520,0,"Critical Attention","S1B38101#2","","","images/tools/tool_TL-001.jpg"
2024,"2","STL","Bimetal Support Greco","51207070AB","13","L18.TL.147","110T","4#","15M","110.0 SPM","Progressive Tooling เนเธย2 Cav.เนเธย","","880mm*420mm*294mm","SPCC-SD","0.8","39*64","REG4-AAAGOJ","Unilateral 0.05mm","Yang","Greentech","THAI",32583384,32583384,15000000,1000,217,"Critical Attention","51207070#5","","","images/tools/tool_TL-002.jpg"
2024,"3","STL","MECH SIDE L/R","48187088&7089","04/05","L17.TL.222","150T","6#","15M","60 SPM","Progressive Tooling เนเธย2 Cav.เนเธย","","1050mm*530mm*347mm","SPCC-4D","1.2","92*46","REG4-AAAFCI REG4-AAAFCJ","Unilateral 0.06mm","Yang","TJJ zn 8-15 เธฎเธ","THAI",888091,888091,15000000,7536617,6,"Operational","48187088&89#4","","","images/tools/tool_TL-003.jpg"
2024,"4","STL","PRIMARY LATCH","48187061AA /S1B14877","04/00","L18.TL.145","110T","3#","15M","60.0 SPM","Progressive Tooling เนเธย2 Cav.เนเธย","","815mm*450mm*289mm","SPFC-590","1.0","37*20","REG4-AAAKRO REG4-AAAKRP","Unilateral 0.05mm","Yang","Greentech","THAI",753573,753573,15000000,3532773,5,"Operational","48187061#4","","","images/tools/tool_TL-004.jpg"
2024,"5","STL","MIDDLE TERMINAL","48187096AA","01","COS Trophy GST","80T","1#","10M","100.0 SPM","Progressive Tooling เนเธย2 Cav.เนเธย","","455mm*370mm*271mm","SPCC-4D","1.5","48*10","REG4-AAAJGH","Unilateral 0.07mm","GST","CP","THAI",2914444,2914444,5000000,15122050,58,"Operational","48187096#3","","","images/tools/tool_TL-005.jpg"
2024,"6","STL","LOAD TERM-HI-LOW","48187055AA& 48187255AA","04/04","COS Trophy GST","80T","1#","10M","80.0 SPM","Progressive Tooling เนเธย2 Cav.เนเธย","","560mm*375mm*263mm","C1100","2.0","60*19","REG4-AAAHCM REG4-AAAHCN","Unilateral 0.08mm","GST","HTS","THAI",1151422,1151422,5000000,15251815,23,"Operational","48187055/255#3","","","images/tools/tool_TL-006.jpg"
2024,"7","STL","Magnet. Loop","48187070AA","02","COS Trophy GST","80T","1#","10M","100.0 SPM","Progressive Tooling เนเธย2 Cav.เนเธย","","540mm*360mm*252mm","SPCC-4D","1.5","72*11","REG4-AAAJGJ","Unilateral 0.07mm","GST","Greentech","THAI",1218329,1218329,10000000,8764891,12,"Operational","48187070#3","","","images/tools/tool_TL-007.jpg"
2024,"8","STL","PADLOCKING","48187864AA","02","COS Trophy GST","80T","1#","10M","65.0 SPM","Progressive Tooling เนเธย1 Cav.เนเธย","","420mm*305mm*250mm","SUS304-2B","2.0","34*29","REG4-AAAJGK","Unilateral 0.07mm","GST","TJJ","THAI",21763,21763,5000000,804853,0,"Operational","48187864#1","","","images/tools/tool_TL-008.jpg"
2024,"9","STL","YOKE","48187064AA","03","COS Trophy GST","110T","3#","10M","60.0 SPM","Progressive Tooling เนเธย4 Cav.เนเธย","","760mm*420mm*305mm","SPCC-4D","2.0","86*28.5","REG4-AAAHCL","Unilateral 0.1mm","GST","Greentech","THAI",2195163,2195163,5000000,14522857,44,"Operational","48187064#4","","","images/tools/tool_TL-009.jpg"
2024,"10","STL","UPPER LINK","48187060AA","03","L19TL251","110T","5#","10M","60 SPM","Progressive Tooling เนเธย2 Cav.เนเธย","","855mm*420mm*320mm","SPFC-590","1.0","92*31","REG4-AAAKWV","Unilateral 0.05mm","LI JIAN","CHINA","THAI",197564,197564,5000000,321544,4,"Operational","48187060#4","","","images/tools/tool_TL-010.jpg"
2024,"11","SumiRiko Eastern Rubber (Thailand) Ltd. (ESIE Plant)","UPPER PLATE","TM-755A-1","C","L20.TS.48-1","300T","7#","5M","40.0 SPM","Progressive Tooling เนเธย1 Cav.เนเธย","","1330mm*490mm*440mm","SPHC-P/O","2.9","64*110","/","Unilateral 0.29mm","LIU","/","THAI",917090,917090,5000000,,18,"Operational","","","","images/tools/tool_TL-011.jpg"
2024,"12","SumiRiko Eastern Rubber (Thailand) Ltd. (ESIE Plant)","UPPER PLATE","TM-755A-1","C","L20.TS.48-2","110T","7#","5M","60.0 SPM","Single Tooling","","544mm*440mm*295mm","SPHC-P/O","2.9","/","/","NO","LIU","/","THAI",917090,917090,5000000,,18,"Operational","","","","images/tools/tool_TL-012.jpg"
2024,"13","SumiRiko Eastern Rubber (Thailand) Ltd. (ESIE Plant)","UPPER PLATE","TM-755A-1","C","jig fixture-TM755A-1","100KW","2#/3#","","80 SPM","Welding Jig เนเธย1 Cav.เนเธย","","/","SPCC-SD","2.9","/","/","","","","THAI",917090,917090,10000000,,9,"Operational","","","","images/tools/tool_TL-013.jpg"
2024,"14","SumiRiko Eastern Rubber (Thailand) Ltd. (ESIE Plant)","OUTER","SN-185B-1","B","L19TER001","500T","8#","5M","25.0 SPM","Progressive Tooling เนเธย1 Cav.เนเธย","","2045mm*630mm*540mm","SPCD","1.6","129*129","/","Unilateral 0.1mm","LIU","/","THAI",70170,70170,5000000,,1,"Operational","","","","images/tools/tool_TL-014.jpg"
2024,"15","STL","LOOP LINE-TERM HEIGHT/LOW","48187251AA/48187051AA","05/07","L18.TL.146","160T","/","","70.0 SPM","Progressive Tooling เนเธย1 Cav.เนเธย","","1109mm*694mm*338mm","T2Y2","2.0","105*20.5","REG4-AAACCX","Unilateral 0.08mm","Hu Yongjian","CHINA","CHINA",,5868778,10000000,8166642,0,"Operational","48187051-251#3","","","images/tools/tool_TL-015.jpg"
2024,"16","STL","MAG TRIP FRAME 03/04","48187065AA","03/04","L18.TL.186","110T","/","","45.0 SPM","Progressive Tooling เนเธย2 Cav.เนเธย","","725mm*450mm*290mm","H68Y","1.0","88*21.5","Pending","Unilateral 0.06mm","Shen Xiaozhi","CHINA","CHINA",,4879306,20000000,7753278,0,"Operational","48187065#4","","","images/tools/tool_TL-016.jpg"
2024,"17","STL","GV2L32 SHUNT CUIVE","138980501A50","05","L19.TL.299","80T","/","10M","80 SPM","Progressive Tooling เนเธย2 Cav.เนเธย","","500mm*400mm*269.8mm","T2Y2","0.8","26.5*6","","Unilateral 0.04mm","Li Jian","/","CHINA",,53139,5000000,45000,0,"Operational","W213898050111#TH1","","","images/tools/tool_TL-017.jpg"
2024,"18","STL","GV2 Locking lever","138928901A50","04","L19.TL.300","110T","/","5M","70.0 SPM","Progressive Tooling เนเธย2 Cav.เนเธย","","480mm*400mm*270mm","T2Y2","0.8","64*14.5","","Unilateral 0.05mm","Zhang Qinghao","/","CHINA",,1765656,5000000,717900,0,"Operational","W213892890111#TH1","","","images/tools/tool_TL-018.jpg"
2024,"19","STL","MOVING CONTACT","W213898370211C","06","L19.TL.250","110T","/","10M","70.0 SPM","Progressive Tooling เนเธย1 Cav.เนเธย","","475mm*395mm*273mm","T2Y2","1.0","32*7","REG4-AAAKNY","Unilateral 0.04mm","Zhang Qinghao","CHINA","CHINA",,3352046,10000000,2687000,0,"Operational","W213898370211C#TH1","","","images/tools/tool_TL-019.jpg"
2024,"20","STL","ARC PLATE","51207117AD1","04","W19.TL.40","110T","/","70M","96.0 SPM","Progressive Tooling เนเธย12 Cav.เนเธย","","670mm*410mm*272.8mm","SPCC","0.8","120*29.4","REG4-AAAOQA","Unilateral 0.04mm","Zhaoxing","CHINA","CHINA",42939381,42939381,70000000,11687728,61,"Operational","51207117#5","","","images/tools/tool_TL-020.jpg"
2024,"21","STL","2D FIXED CONTAC","SIB38101B SIB38101B-BO","","L19.TL.302","110T","/","60M","95.0 SPM","Progressive Tooling เนเธย2 Cav.เนเธย","","620mm*410mm*270mm","SPCC","1.0","50*13","REG4-AAAKWU","Unilateral 0.07mm","Shen Xiaozhi","CHINA","CHINA",,41400000,60000000,,0,"Operational","","","","images/tools/tool_TL-021.jpg"
2024,"22","STL","TERMINAL CONNEXION STEELbrass","W116365250211 W816365250111","","L19.TL.303","110T","/","","60 SPM","Progressive Tooling เนเธย2 Cav.เนเธย","","960*420mm*282.5mm","DC01C390","1.5","67*19","REG4-AAAQHG REG4-AAAQFC","Unilateral 0.08mm","Hu Yongjian","Greentech cu 3-5 เธฎเธ CHIAN CLEAN","CHINA",,2482263,30000000,2383550,0,"Operational","W11636525#2","","","images/tools/tool_TL-022.jpg"
2024,"23","SumiRiko Eastern Rubber (Thailand) Ltd. (ESIE Plant)","LOWER PLATE","SB-042C-2-1","","20-TER002","300T","7#","3M","35 SPM","Progressive Tooling เนเธย1 Cav.เนเธย","","1500*500mm*540mm","SAPH440","3.6","127*98","/","Unilateral 0.43mm","ZhangXN","/","THAI",45682,45682,3000000,,2,"Operational","","","","images/tools/tool_TL-023.jpg"
2024,"24","SumiRiko Eastern Rubber (Thailand) Ltd. (ESIE Plant)","LOWER BASE","SB-042B-2-2-1","","20-TER003-1","300T","7#","3M","35 SPM","Progressive Tooling เนเธย1 Cav.เนเธย","","960*420mm*282.8mm","SAPH440","3.6","102*90.5","/","Unilateral 0.43mm","LANCL","/","THAI",48066,48066,3000000,,2,"Operational","","","","images/tools/tool_TL-024.jpg"
2024,"25","SumiRiko Eastern Rubber (Thailand) Ltd. (ESIE Plant)","Passive Bracket Assembly","SB-042E-2-2","","20-TER003-2","110T","9#","3M","8 SPM","Progressive Tooling เนเธย1 Cav.เนเธย","","/","SB-042B-2-2-1 Bolt","1.0mm","/","/","/","LANCL","/","THAI",45187,45187,3000000,,2,"Operational","NVE96548#1","","","images/tools/tool_TL-025.jpg"
2024,"26","SumiRiko Eastern Rubber (Thailand) Ltd. (ESIE Plant)","Passive Bracket Assembly","SB-042E-2","","SB-042B-2","Robot","1#","","50 pcs/H SPM","Welding Jia เนเธย2 Cav.เนเธย","","/","SB-042B-2-1 SB-042B-2-2","1.0mm","/","/","/","Wang Chun Fu","/","THAI",45187,45187,5000000,,1,"Operational","NVE96548#1","","","images/tools/tool_TL-026.jpg"
2024,"27","SumiRiko Eastern Rubber (Thailand) Ltd. (ESIE Plant)","OUTER","TM-771A-1","","21-TER004","300T","7#","","30 SPM","Progressive Tooling เนเธย1 Cav.เนเธย","","2175*800mm*540mm","SPCD","1.2","165*164","/","Unilateral 0.08mm","LANK","/","THAI",206941,206941,10000000,,2,"Operational","","","","images/tools/tool_TL-027.jpg"
2024,"28","SumiRiko Eastern Rubber (Thailand) Ltd. (ESIE Plant)","ORIFICE PLATE","TH-496A-2","","21-TER005","110T/150T","5#/6#","","30 SPM","Progressive Tooling เนเธย1 Cav.เนเธย","","975*520mm*285mm","SPCC-SD","1.0","87*84","/","Unilateral 0.15mm","LANK","/","THAI",75488,75488,10000000,,1,"Operational","","","","images/tools/tool_TL-028.jpg"
2024,"29","SumiRiko Eastern Rubber (Thailand) Ltd. (ESIE Plant)","OUTER","TM-791A-1","","21-TER006","500T","8#","","20 SPM","Progressive Tooling เนเธย2 Cav.เนเธย","","1840*800mm*540mm","SPHC-P/O","1.4","228*114","/","Unilateral 1.12mm","LJL","/","THAI",306159,306159,10000000,,3,"Operational","","","","images/tools/tool_TL-029.jpg"
2024,"30","SumiRiko Eastern Rubber (Thailand) Ltd. (ESIE Plant)","PLATE","TM-795A-1","","21-TER007","300T","7#","","20 SPM","Progressive Tooling เนเธย2 Cav.เนเธย","","1545*778mm*540mm","SPCC-SD","1.0","146*64","/","Unilateral 0.08mm","Liu JiaWei","/","THAI",301673,301673,10000000,,3,"Operational","","","","images/tools/tool_TL-030.jpg"
2024,"31","STL","Armature High Amp","48187063AA","03","D21.TL.65","80T","1#","","70 SPM","Progressive Tooling เนเธย2 Cav.เนเธย","","560*400mm*267mm","SPCC-4D","1.0","64*22","REG4-AAAQBO","Unilateral 0.04mm","Shen Xiaozhi","TJJ(zn 8-13um)","THAI",1234551,1234551,5000000,2366083,25,"Operational","48187063#4","","","images/tools/tool_TL-031.jpg"
2024,"32","STL","CLAMP PLATE","48187311AA","01","D21.TL.57","110T","5#","","80 SPM","Progressive Tooling เนเธย3 Cav.เนเธย","","620*450mm*267mm","SPCC-4D","2.0","74*22","REG4-AAAPSK","Unilateral 0.14mm","Hu Yongjian","TJJ(zn 8-13um)","THAI",927584,927584,5000000,783680,19,"Operational","48187311#4","","","images/tools/tool_TL-032.jpg"
2024,"33","STL","CRADLE","48187058","05","D21.TL.43","110T","4#","","80 SPM","Progressive Tooling เนเธย1 Cav.เนเธย","","690*480mm*277.2mm","SPFC590","1.2","70*28","REG4-AAAQCY","Unilateral 0.20mm","Hu Yongjian","Greentech","THAI",1828279,1828279,5000000,5297953,37,"Operational","48187058#4","","","images/tools/tool_TL-033.jpg"
2024,"34","STL","Medium Arc Platel","48187097AA","00","D21.TL.61","80T","1#","","90 SPM","Progressive Tooling เนเธย3 Cav.เนเธย","","500*400mm*269.8mm","SPCC-4D","1.2","59*22.5","REG4-AAAQBP","Unilateral 0.07mm","Zhaoxing","HACHI(Ni 5-10um)","THAI",3214079,3214079,10000000,2179046,32,"Operational","48187097#4","","","images/tools/tool_TL-034.jpg"
2024,"35","STL","Arc Stack Top","48187104AA","00","D21.TL.62","80T","1#","","90 SPM","Progressive Tooling เนเธย4 Cav.เนเธย","","470*400mm*265.9mm","SPCC-4D","1.2","78*13","REG4-AAAQBQ","Unilateral 0.08mm","Hu Yongjian","HACHI(Ni 5-10um)","THAI",624500,624500,10000000,633677,6,"Operational","48187104#4","","","images/tools/tool_TL-035.jpg"
2024,"36","STL","Arc plate GV2","W113893530111","08","D21.TL.76","80T","1#","","80 SPM","Progressive Tooling เนเธย8 Cav.เนเธย","","490*400mm*272.9mm","SPCC-4D","0.8","88*25","REG4-AAAQUZ","Unilateral 0.04mm","Shen Xiaozhi","GREENTECH(1-2um)","THAI",55214026,55214026,10000000,4026144,552,"Critical Attention","W11389353#2","","","images/tools/tool_TL-036.jpg"
2024,"37","STL","High Arc Plate","48187053AA","00","D21.TL.64","80T","1#","","90 SPM","Progressive Tooling เนเธย3 Cav.เนเธย","","495*400mm*273.4mm","SPCC-4D","1.2","84*19","REG4-AAAQBN","Unilateral 0.1mm","Zhang QingHao","HACHI(Ni 5-10um)","THAI",2887905,2887905,10000000,2383665,29,"Operational","48187053#5","","","images/tools/tool_TL-037.jpg"
2024,"38","STL","Arc Stack Plate","48187199AA","02","D21.TL.63","80T","1#","","90 SPM","Progressive Tooling เนเธย3 Cav.เนเธย","","512*470mm*278.6mm","SPCC-4D","1.6","63*19.5","REG4-AAAQBR","Unilateral 0.08mm","Shen Xiaozhi","HACHI","THAI",761778,761778,10000000,1071047,8,"Operational","48187199#3","","","images/tools/tool_TL-038.jpg"
2024,"39","STL","Handle Arm","48187057AA","05","D21.TL.56","110T","3#","","70 SPM","Progressive Tooling เนเธย1 Cav.เนเธย","","700*450mm*302.2mm","SPFC590","1.2","93*33.5","REG4-AAAPSF","Unilateral 0.08mm","Zhang Qinghao","TJJ","THAI",374034,374034,5000000,1306696,7,"Operational","48187057#4","","","images/tools/tool_TL-039.jpg"
2024,"40","STL","Secondary latch","48187062AA","06","D21.TL.75","150T","6#","","60 SPM","Progressive Tooling เนเธย2 Cav.เนเธย","","920*500mm*350mm","SPFC590","1.0","48*32","REG4-AAAPSE","Unilateral 0.05mm","Lin Peng","THAI PARKERIZING 600-800Hv","THAI",281722,281722,5000000,363181,6,"Operational","48187062#4","","","images/tools/tool_TL-040.jpg"
2024,"41","STL","Local Reinforcing Plate","GHM12023","01","D21.TL.78","80T","1#","","80 SPM","Progressive Tooling เนเธย8 Cav.เนเธย","","493mm*400mm*250.6mm","SPCC-SD","0.6","45*9.6","REG4-AAAQIJ","Unilateral 0.04mm","Shen Xiaozhi","Thai Jin Jer เน…เธเธZN 8-15 เธฎเธ","THAI",,301572,5000000,264342,0,"Operational","GHM12023/S1B13956#2","","","images/tools/tool_TL-041.jpg"
2024,"42","STL","InPut Connector Greco","51207042AA","10","D21.TL.104","80T","2#","","150 SPM","Progressive Tooling เนเธย2 Cav.เนเธย","","510mm*420mm*270mm","SPCC-SD","1.0","50*11","REG4-AAASGO","Unilateral 0.1mm","Shen Xiaozhi","HA CHI เนเธยเนโ€ขโฌcu 3-7เธฎเธ เนโ€ขโฌเนยโ€”sn 3-7 เธฎเธ","THAI",1761557,1761557,5000000,4945481,35,"Operational","51207042#2","","","images/tools/tool_TL-042.jpg"
2024,"43","STL","Bimetal Support Greco#4","51207070AB","13","D21.TL.38","110T","5#","","110 SPM","Progressive Tooling เนเธย2 Cav.เนเธย","","960mm*420mm*282.27mm","SPCC-SD","0.8","38*64","REG4-AAARNY","Unilateral 0.08mm","LIJIAN","Greentech","THAI",32583384,32583384,10000000,1000,326,"Critical Attention","51207070#5","","","images/tools/tool_TL-043.jpg"
2024,"44","STL","ARC PLATE GRECOเนเธย21เน…เธเธ”เน…เธยเนเธเธเนเธย","51207117","05","D21.TL.103","80T","2#","","180 SPM","Progressive Tooling เนเธย14 Cav.เนเธย","","670mm*440mm*274mm","SPCC-SD","0.8","141*29.4","REG4-AAASGQ","Unilateral 0.04mm","Zhaoxing","HA CHI Ni 3-5 เธฎเธ","THAI",42939381,42939381,10000000,11687728,429,"Critical Attention","51207117#5","","","images/tools/tool_TL-044.jpg"
2024,"45","STL","LANCED LINE TERM.-HIGH&LOW","48187094AA 48187095AA","05 07","D21.TL.53","150T/UMX110","","","60 SPM","Progressive Tooling เนเธย1 Cav.เนเธย","","934mm*610mm*338mm","T2Y2","2","70.5*15.5","REG4-AAAPSI REG4-AAAPSJ","Unilateral 0.08mm","Hu Yongjian","HA CHI Sn 5-8 เธฎเธ","CHINA",,1894171,1000000,1000,0,"Critical Attention","48187094-095#4","","","images/tools/tool_TL-045.jpg"
2024,"46","STL","BIMTEAL STRUT","W113896050411","20","D21.TL.77","110T","","","100 SPM","Progressive Tooling เนเธย2 Cav.เนเธย","","630mm*400mm*267.2mm","DC03C390 เนเธยเนโ€ขโฌเนโ€ย","1.2","54*12","REG4-AAAQVA","Unilateral 0.06mm","Hu Yongjian","TJ JR Clean","CHINA",,12325085,30000000,1889500,0,"Operational","W11389605#3","","","images/tools/tool_TL-046.jpg"
2024,"47","STL","JAW jaw","NVE84462 51207154AB","00 06","D21.TL.58","110T","","","90 SPM","Progressive Tooling เนเธย2 Cav.เนเธย","","620mm*400mm*267.2mm","CuFe2P","1.2","62*21","REG4-AAAPSY REG4-AAAPSX","Unilateral 0.1mm","Shen Xiaozhi","TIAN SHENG CHINA HA CHI เนยโ€”Sn 10-13 เธฎเธ","CHINA",,5496661,5000000,3072000,0,"Critical Attention","51207154#3","","","images/tools/tool_TL-047.jpg"
2024,"48","STL","Out put phase copper","S1B13954","1","D21.TL.79","110T","","","70 SPM","Progressive Tooling เนเธย2 Cav.เนเธย","","654mm*450mm*293.2mm","T2Y2","1.2","53*10","REG10-AAAQKT","Unilateral 0.10mm","Lin Peng","HA CHI Ni 3-11 เธฎเธ","CHINA",,927327,1000000,544000,0,"Critical Attention","S1B13954#2","","","images/tools/tool_TL-048.jpg"
2024,"49","STL","BIMETAL SUPPORT(HIGH RATING) BIMETAL SUPPORT","S1B83820&S1B22374","03 06","Transfer tooling","110T","","","60 SPM","Progressive Tooling เนเธย1 Cav.เนเธย","","670mm*440mm*281mm","D03C390","1.2","22*24","REG4-AAARSZ REG4-AAARSY","Unilateral 0.11mm","","CHINA CLEAN","CHINA",,383182,10000000,914819,0,"Operational","S1B22374/S1B83820#1","","","images/tools/tool_TL-049.jpg"
2024,"50","STL","BLADE-MEDIUM/HIGH","48187092AA","01","D21.TL.54","110T","","","70 SPM","Progressive Tooling เนเธย2 Cav.เนเธย","","570mm*420mm*317mm","T2Y2","2","30*44.5","REG4-AAAPSG","Unilateral 0.1mm","Zhaoxing","TJ JR Clean","CHINA",,4500000,10000000,,0,"Operational","48187092#4","","","images/tools/tool_TL-050.jpg"
2024,"51","STL","Blade-EMLB Blade-LOW","GHJ16017 48187093AA","01 02","D21.TL.55","160T","","","60 SPM","Progressive Tooling เนเธย2 Cav.เนเธย","","980mm*490mm*364mm","T2Y2","2","31.5*45","REG4-AAASEE REG4-AAAPSH","Unilateral 0.08mm","Zhaoxing","Tian Sheng China Ag 1-3 เธฎเธ","CHINA",,4500000,10000000,,0,"Operational","48187093/GHJ16017#3","","","images/tools/tool_TL-051.jpg"
2024,"52","STL","OUTPUT PHASE CONNECTOR ASSEMBLY","S1B13956","01","D21.TL.30","Riveting fixture","","","2 SPM","Riveting fixture เนเธย2 Cav.เนเธย","","","S1B13954&GHM12023","N/A","N/A","REG4-AAAPTL","","Song ZiWen","N/A","THAI",,301572,5000000,264342,0,"Operational","GHM12023/S1B13956#2","","","images/tools/tool_TL-052.jpg"
2024,"53","STL","MID - TERM / HEATER-I JR","48187254AA","03","Transfer tooling","110T","3#&5#","","50 SPM","Progressive Tooling เนเธย1 Cav.เนเธย","","760mm*300mm*321mm","1 JR TYPE 1 ELEC ALLOY CF ANL","2","30*28","REG4-AAASWK","","_","TJJ CLEAN","THAI",252471,252471,2000000,3407854,13,"Operational","48187254#2","","","images/tools/tool_TL-053.jpg"
2024,"54","SumiRiko Eastern Rubber (Thailand) Ltd. (ESIE Plant)","CUP","TM-818-1","","21-TER008","500T","8#","","25 SPM","Progressive Tooling เนเธย1 Cav.เนเธย","","1690mm*560mm*540mm","SPH270D-0D","3.2","140*128","/","Unilateral 0.38mm","TJD","/","THAI",,8200000,10000000,,0,"Maintenance Due","","","","images/tools/tool_TL-054.jpg"
2024,"55","SumiRiko Eastern Rubber (Thailand) Ltd. (ESIE Plant)","CUP","TM-818-1","","DIE-JRTL-055","Spot Welding","2#","","80 SPM","/","","/","TM-818-1 TM-818-1-1","1.0mm","/","/","/","Dong XiLi","/","THAI",,5800000,10000000,,0,"Operational","","","","images/tools/tool_TL-055.jpg"
2024,"56","SumiRiko Eastern Rubber (Thailand) Ltd. (ESIE Plant)","Outer","TM-806A-1","","21-TER009","500T","8#","","30 SPM","Progressive Tooling เนเธย1 Cav.เนเธย","","2175mm*700mm*540mm","SPC270D","1.6","208*179","/","Unilateral 0.14mm","SHAOHS","/","THAI",72449,72449,10000000,,1,"Operational","","","","images/tools/tool_TL-056.jpg"
2024,"57","SumiRiko Eastern Rubber (Thailand) Ltd. (ESIE Plant)","LWR PLATE","MC-103A-2","","23-TRE016","500T","8#","","30 SPM","Progressive Tooling เนเธย1 Cav.เนเธย","","1650mm*670mm*600mm","SAPH440","5.0","180*124","","Unilateral 0.6mm","SHAOHS","","THAI",776,776,10000000,,0,"Operational","","","","images/tools/tool_TL-057.jpg"
2024,"58","SumiRiko Eastern Rubber (Thailand) Ltd. (ESIE Plant)","UPR CUP","SB-059C-2","","23-TRE017-1","500T","8#","","20 SPM","Progressive Tooling เนเธย1 Cav.เนเธย","","2680mm*800mm*600mm","SAPH440","2.6","232*220","/","","ZHangXN","/","THAI",191833,191833,10000000,,2,"Operational","","","","images/tools/tool_TL-058.jpg"
2024,"59","SumiRiko Eastern Rubber (Thailand) Ltd. (ESIE Plant)","UPR CUP","SB-059C-2","","23-TRE017-2","260T","10#","","30 SPM","Single Tooling            เนเธย1 Cav.เนเธย","","550mm*450mm*440mm","SPCC-SD","1.0mm","/","/","","LANK","/","THAI",191833,191833,10000000,,2,"Operational","","","","images/tools/tool_TL-059.jpg"
2024,"60","SumiRiko Eastern Rubber (Thailand) Ltd. (ESIE Plant)","UPR CUP","SB-059C-2","","23-TRE017-3","260T","10#","","30 SPM","Single Tooling            เนเธย1 Cav.เนเธย","","600mm*480mm*440mm","SPCC-SD","1.0mm","/","/","","ZHangXN","/","THAI",191833,191833,10000000,,2,"Operational","","","","images/tools/tool_TL-060.jpg"
2024,"61","SumiRiko Eastern Rubber (Thailand) Ltd. (ESIE Plant)","UPR CUP","SB-059C-2","","23-TRE017-4","110T","9#","","30 SPM","Single Tooling            เนเธย1 Cav.เนเธย","","550mm*450mm*440mm","SPCC-SD","1.0mm","/","/","","RENLQ","","THAI",191833,191833,10000000,,2,"Operational","","","","images/tools/tool_TL-061.jpg"
2024,"62","SumiRiko Eastern Rubber (Thailand) Ltd. (ESIE Plant)","Diaphragm Outer","SB-064D-1","","23-TER010","500T","8#","","25 SPM","Progressive Tooling เนเธย1 Cav.เนเธย","","2680mm*830mm*600mm","SPCD","1.6","176*172","/","Unilateral 0.15mm","RENLQ","/","THAI",43133,43133,10000000,,0,"Operational","","","","images/tools/tool_TL-062.jpg"
2024,"63","SumiRiko Eastern Rubber (Thailand) Ltd. (ESIE Plant)","Orifice Plate","SB-062C-2","","23-TER019","300T","7#","","30 SPM","Progressive Tooling เนเธย1 Cav.เนเธย","","950mm*560mm*540mm","SPCC-SD","1.2","98*95","/","Unilateral 0.11mm","SHAOHS","/","THAI",44101,44101,10000000,,0,"Operational","","","","images/tools/tool_TL-063.jpg"
2024,"64","SumiRiko Eastern Rubber (Thailand) Ltd. (ESIE Plant)","BRACKET","SB-068C-1-1","","23-TER011-1","500T","8#","","25 SPM","Progressive Tooling เนเธย1 Cav.เนเธย","","2000mm*760mm*600mm","SAPH440","5.0","260*104","/","Unilateral 0.6mm","YANGRJ","/","THAI",34462,34462,5000000,,1,"Operational","NVE96548#1","","","images/tools/tool_TL-064.jpg"
2024,"65","SumiRiko Eastern Rubber (Thailand) Ltd. (ESIE Plant)","BRACKET","SB-068C-1-1","","23-TER011-2","260T","10#","","30 SPM","Single Tooling            เนเธย1 Cav.เนเธย","","900mm*416mm*340mm","SPCC-SD","1.0mm","/","/","Unilateral 0.6mm","ZHANGMY","/","THAI",34462,34462,5000000,,1,"Operational","NVE96548#1","","","images/tools/tool_TL-065.jpg"
2024,"66","SumiRiko Eastern Rubber (Thailand) Ltd. (ESIE Plant)","UPPER BASE","SB-068C-1-2","","23-TER012","500T","8#","","25 SPM","Progressive Tooling เนเธย1 Cav.เนเธย","","1560mm*760mm*600mm","SAPH440","4.0","167*225","/","Unilateral 0.48mm","LANK","/","THAI",24727,24727,10000000,,0,"Operational","","","","images/tools/tool_TL-066.jpg"
2024,"67","SumiRiko Eastern Rubber (Thailand) Ltd. (ESIE Plant)","UPPER RING","SB-068A-1-3","","23-TER013","300T","7#","","30 SPM","Progressive Tooling เนเธย1 Cav.เนเธย","","850mm*680mm*540mm","SAPH440","4.0","233*25","/","Unilateral 0.45mm","SHAOHS","/","THAI",20106,20106,10000000,,0,"Operational","","","","images/tools/tool_TL-067.jpg"
2024,"68","SumiRiko Eastern Rubber (Thailand) Ltd. (ESIE Plant)","UPR ACTIVE ASSEMBLY","SB-068C-1","","SB-068-1","robot welding","1#","","80 SPM","Welding Jia เนเธย1 Cav.เนเธย","","/","SB-068-1-1                    SB-068B-1-2        SB-068-1-3","1.0mm","/","/","","","/","THAI",34462,34462,10000000,,0,"Operational","","","","images/image1.png"
2024,"69","SumiRiko Eastern Rubber (Thailand) Ltd. (ESIE Plant)","PASSIVE BRACKET","SB-068C-2","","DIE-JRTL-069","110T","1#","","80 SPM","die casting              เนเธย1 Cav.เนเธย","","","SPCC-SD","1.0mm","","","","","","THAI",,14773,5000000,,0,"Operational","NVE96548#1","","","images/tools/tool_TL-069.jpg"
2024,"70","SumiRiko Eastern Rubber (Thailand) Ltd. (ESIE Plant)","Bracket","SB-075B-1-1","","DIE-JRTL-070","110T","1#","","80 SPM","die casting              เนเธย2 Cav.เนเธย","","","SPCC-SD","1.0mm","","/","","","/","THAI",,14773,5000000,,0,"Operational","NVE96548#1","","","images/tools/tool_TL-070.jpg"
2024,"71","SumiRiko Eastern Rubber (Thailand) Ltd. (ESIE Plant)","HEAT SHIELD","SB-070B-1","","23-TER020-1","150T","6#","","60 SPM","Progressive Tooling เนเธย1 Cav.เนเธย","","575mm*700mm*360mm","JIS G3314 SA1E","0.8","240*216","/","Unilateral 0.07mm","LANK","/","THAI",6204,6204,10000000,,0,"Operational","","","","images/tools/tool_TL-071.jpg"
2024,"72","SumiRiko Eastern Rubber (Thailand) Ltd. (ESIE Plant)","HEAT SHIELD","SB-070B-1","","23-TER020-2","110T","9#","","25 SPM","Single Tooling            เนเธย1 Cav.เนเธย","","650mm*400mm*295mm","SPCC-SD","1.0mm","5120","/","Unilateral 0.06mm","SHAOHS","/","THAI",6204,6204,10000000,,0,"Operational","","","","images/tools/tool_TL-072.jpg"
2024,"73","SumiRiko Eastern Rubber (Thailand) Ltd. (ESIE Plant)","HEAT SHIELD","SB-070B-1","","23-TER020-3","110T","9#","","20 SPM","Single Tooling            เนเธย1 Cav.เนเธย","","680mm*390mm*295mm","SPCC-SD","1.0mm","/","/","/","YANGRJ","/","THAI",6204,6204,10000000,,0,"Operational","","","","images/tools/tool_TL-073.jpg"
2024,"74","SumiRiko Eastern Rubber (Thailand) Ltd. (ESIE Plant)","HEAT SHIELD","SB-070B-1","","23-TER020-4","110T","9#","","20 SPM","Single Tooling            เนเธย1 Cav.เนเธย","","680mm*390mm*295mm","SPCC-SD","1.0mm","/","/","/","ZHangXN","/","THAI",6204,6204,10000000,,0,"Operational","","","","images/tools/tool_TL-074.jpg"
2024,"75","SumiRiko Eastern Rubber (Thailand) Ltd. (ESIE Plant)","HEAT SHIELD","SB-070B-1","","23-TER020-5","110T","9#","","20 SPM","Single Tooling            เนเธย1 Cav.เนเธย","","660mm*440mm*295mm","SPCC-SD","1.0mm","/","/","Unilateral 0.08mm","ZHANGMY","/","THAI",6204,6204,10000000,,0,"Operational","","","","images/tools/tool_TL-075.jpg"
2024,"76","STL","Lower Link","48187059","","D23TL148","110T","4#","","80 SPM","Progressive Tooling เนเธย1 Cav.เนเธย","","620mm*400mm*263mm","SPCC-4D","1","45*21","","Unilateral 0.05mm","","","THAI",168688,168688,5000000,,3,"Operational","48187059#4","","","images/tools/tool_TL-076.jpg"
2024,"77","STL","Magnet Lanced HT Valide","48187068AA","","D23TL018","110T","3#,1#","","60 SPM","Progressive Tooling เนเธย2 Cav.เนเธย","","570mm*400mm*279mm","SPCC-4D","2","68*12","","","","","THAI",,4500000,5000000,,0,"Critical Attention","48187068#4","","","images/tools/tool_TL-077.jpg"
2024,"78","STL","Lock,Slide","48187086AA","","D23TL019","110T","3#","","60 SPM","Progressive Tooling เนเธย2 Cav.เนเธย","","610mm*400mm*279mm","SPCC-4D","1.5","44*25","","","","","THAI",10760,10760,5000000,,0,"Operational","48187086#2","","","images/tools/tool_TL-078.jpg"
2024,"79","STL","Output Connector Steel","S1B13952","","D23TL140","110T","3#","","80 SPM","Progressive Tooling เนเธย2 Cav.เนเธย","","560mm*450mm*270.2mm","SPCC-SD","1.2","47*9","","Unilateral 0.06mm","","","THAI",3379010,3379010,5000000,1000,68,"Operational","S1B13952#2","","","images/tools/tool_TL-079.jpg"
2024,"80","STL","Plate,Thread","48187084AA","","D23TL141","110T","5#","","80 SPM","Progressive Tooling เนเธย1 Cav.เนเธย","","950mm*450mm*270mm","SPCC-4D","2","95*95","","Unilateral 0.12mm","","","THAI",,11621,5000000,1000,0,"Operational","48187084#2","","","images/tools/tool_TL-080.jpg"
2024,"81","STL","Bimetal Support Greco","51207070","","D23TL137","110T","6#","","100 SPM","Progressive Tooling เนเธย2 Cav.เนเธย","","730mm*490mm*282.8mm","SPCC-SD",".8","100*19.5","","Unilateral 0.05mm","","","THAI",32583384,32583384,10000000,1000,326,"Critical Attention","51207070#5","","","images/tools/tool_TL-081.jpg"
2024,"82","STL","Bimetal Support Greco","51207070","","D23TL138","110T","6#","","100 SPM","Progressive Tooling เนเธย2 Cav.เนเธย","","730mm*490mm*282.8mm","SPCC-SD",".8","100*19.5","","Unilateral 0.05mm","","","THAI",32583384,32583384,10000000,1000,326,"Critical Attention","51207070#5","","","images/tools/tool_TL-082.jpg"
2024,"83","STL","BETA Arc extinguishing chamber","72570400-8-3","","D23TL110","110T","2#","","100 SPM","Progressive Tooling เนเธย12 Cav.เนเธย","","490mm*430mm*270mm","SPCC-SD",".8","93*44","","Unilateral 0.04mm","","","THAI",3163844,3163844,10000000,,32,"Operational","","","","images/tools/tool_TL-083.jpg"
2024,"84","SEMB","CT3 Tetra A1 Coil Screw Terminal A1","W117239700111","","D23TL107","110T","3#","","50.0 SPM","Progressive Tooling เนเธย1 Cav.เนเธย","","740mm*530mm*287.2mm","DC03C390(SPCC-4)","1.2","86*16.5","","Unilateral 0.05mm","","","THAI",107882,107882,10000000,,1,"Operational","","","","images/tools/tool_TL-084.jpg"
2024,"85","SEMB","CT3 Tetra A1 Coil Screw Terminal A2","W117239710111","","D23TL108","110T","3#","","50.0 SPM","Progressive Tooling เนเธย1 Cav.เนเธย","","670mm*475mm*287.2mm","DC03C390(SPCC-4)","1..2","86*16.5","","Unilateral 0.05mm","","","THAI",79031,79031,10000000,,1,"Operational","","","","images/image1.png"
2024,"86","SEMB","Coil Output A1","MFR73710","","D23TL132","110T","3#","","50.0 SPM","Progressive Tooling เนเธย2 Cav.เนเธย","","550mm*425mm*270mm","DC03C390(SPCC-4)","1.0","60*10.5","","Unilateral 0.06mm","","","THAI",,4900000,10000000,,0,"Operational","","","","images/tools/tool_TL-086.jpg"
2024,"87","SEMB","Coil Output A2","MFR73711","","DIE-JRTL-087","110T","","","80 SPM","Progressive Tooling","","","SPCC-SD","1.0mm","","","","","","",,6000000,10000000,,0,"Operational","","","","images/tools/tool_TL-087.jpg"
2024,"88","SEMB","Coil Output B1","MFR73712","","D23TL133","80T","1#","","50.0 SPM","Progressive Tooling เนเธย2 Cav.เนเธย","","640mm*400mm*268mm","DC03C390(SPCC-4)","1.0","45*11","","Unilateral 0.05mm","","","THAI",,7100000,10000000,,0,"Maintenance Due","","","","images/tools/tool_TL-088.jpg"
2024,"89","SEMB","Coil Output B2","MFR73713","","DIE-JRTL-089","110T","","","80 SPM","Progressive Tooling","","","SPCC-SD","1.0mm","","","","","","",,8200000,10000000,,0,"Maintenance Due","","","","images/tools/tool_TL-089.jpg"
2024,"90","SEMB","SORTIE BOBINE BORNE A1","W113791660114","","D23TL134","110T","3#","","50.0 SPM","Progressive Tooling เนเธย1 Cav.เนเธย","","760mm*450mm*268mm","DC03C390(SPCC-4)","1.0","47*10","","Unilateral 0.05mm","","","THAI",892014,892014,10000000,,9,"Operational","","","","images/tools/tool_TL-090.jpg"
2024,"91","SEMB","SORTIE BOBINE BORNE A2","W113791670114","","D23TL135","110T","3#","","50.0 SPM","Progressive Tooling เนเธย1 Cav.เนเธย","","750mm*450mm*268mm","DC03C390(SPCC-4)","1.0","47*10","","Unilateral 0.05mm","","","THAI",1001471,1001471,10000000,,10,"Operational","","","","images/tools/tool_TL-091.jpg"
2024,"92","STL","GV2 DEFLECTEUR MOBILE","W113890070111","","D23TL145","110T","3#","","55.0 SPM","Progressive Tooling เนเธย 6 Cav.เนเธย","","510mm*400mm*262.8mm","SPCC-SD","0.8","132*21","","Unilateral 0.04mm","","","THAI",,4500000,5000000,,0,"Critical Attention","W11389007/087#3","","","images/tools/tool_TL-092.jpg"
2024,"93","STL","GV2 P DEFLECTEUR MOBILE","W113890870111","","D23TL146","110T","3#","","55.0 SPM","Progressive Tooling เนเธย 6 Cav.เนเธย","","510mm*400mm*262.8mm","SPCC-SD","0.8","132*21","","Unilateral 0.04mm","","","THAI",,4500000,5000000,,0,"Critical Attention","W11389007/087#3","","","images/tools/tool_TL-093.jpg"
2024,"94","JOYSON","PLATE","1186500-AB","","Q24JS052","110T","3#","","90.0 SPM","Progressive Tooling เนเธย1 Cav.เนเธย","","620mm*425mm*276mm","SPFC590","1.0","46*29","","","","","THAI",,6700000,10000000,,0,"Operational","","","","images/tools/tool_TL-094.jpg"
2024,"95","JOYSON","CG BASE","1191827","","Q24.JS.028","500T","8#","","25.0 SPM","Progressive Tooling เนเธย1 Cav.เนเธย","","2800mm*900mm*750mm","SPFH590","1.8","212*120","","Unilateral 0.18mm","","","THAI",30716,30716,10000000,,0,"Operational","","","","images/tools/tool_TL-095.jpg"
2024,"96","JOYSON","CG BRACKET RH","2567476-AA","","Q24.JS.029","300T","7#","","30.0 SPM","Progressive Tooling เนเธย1 Cav.เนเธย","","2000mm*850mm*700mm","SPFH590","2.6","165*70","","","","","THAI",,14773,5000000,,0,"Operational","NVE96548#1","","","images/tools/tool_TL-096.jpg"
2024,"97","JOYSON","CG TIE BAR","1118183-AA","","L155 T110","110T","","","80 SPM","Progressive Tooling เนเธย2 Cav.เนเธย","","900mm*500mm*400mm","SAPH440","2","48*72","","Unilateral 0.14mm","","","THAI",25128,25128,10000000,,0,"Operational","","","","images/tools/tool_TL-097.jpg"
2024,"98","JOYSON","CG TIE BAR 92295","1112163","","L155 T111","110T","","","80 SPM","Progressive Tooling เนเธย1 Cav.เนเธย","","900mm*600mm*400mm","SAPH440","1.6","71*63","","Unilateral 0.1mm","","","THAI",33171,33171,10000000,,0,"Operational","","","","images/tools/tool_TL-098.jpg"
2024,"99","JOYSON","CG BASE UNIT RR","2567475-AA","","DIE-JRTL-099","110T","","","80 SPM","Spot Welding-1 Nut     Riveting -3 Parts","","","SPCC-SD","1.0mm","","","","","","THAI",,5200000,10000000,,0,"Operational","","","","images/tools/tool_TL-099.jpg"
2024,"100","SumiRiko Eastern Rubber (Thailand) Ltd. (ESIE Plant)","OUTER","TM-865A-1","","Q24.TS.021","500T","8#","","25.0 SPM","Progressive Tooling เนเธย1 Cav.เนเธย","","2590mm*710mm*600mm","SPH270D-OD","1.6","184*182","","","","","THAI",391718,391718,10000000,,4,"Operational","","","","images/tools/tool_TL-100.jpg"
2024,"101","SumiRiko Eastern Rubber (Thailand) Ltd. (ESIE Plant)","OUTER","TM-860A-1","","Q24.TS.020","500T","8#","","25.0 SPM","Progressive Tooling เนเธย1 Cav.เนเธย","","2750mm*750mm*600mm","SPC270D","1.8","153*150","","","","","THAI",276406,276406,10000000,,3,"Operational","","","","images/tools/tool_TL-101.jpg"
2024,"102","SumiRiko Eastern Rubber (Thailand) Ltd. (ESIE Plant)","INNER","TM-865A-2","","DIE-JRTL-102","110T","","","80 SPM","die casting              เนเธย1 Cav.เนเธย","","","SPCC-SD","1.0mm","","","","","","THAI",,5000000,10000000,,0,"Operational","","","","images/tools/tool_TL-102.jpg"
2024,"103","SumiRiko Eastern Rubber (Thailand) Ltd. (ESIE Plant)","ACTUATOR CUP","TM-867A-1","","24-TER021","500T","8#","","25.0 SPM","Progressive Tooling เนเธย1 Cav.เนเธย","","2250mm*650mm*575mm","SPC270C","1.2","142*139","","Unilateral 0.11mm","","","THAI",373840,373840,10000000,,4,"Operational","","","","images/tools/tool_TL-103.jpg"
2024,"104","SumiRiko Eastern Rubber (Thailand) Ltd. (ESIE Plant)","RHS ACTIVE BRACKET","SB-069A-1","","DIE-JRTL-104","110T","","","80 SPM","die casting              เนเธย1 Cav.เนเธย","","","ADC12","1.0mm","","/","","","/","THAI",,14773,5000000,,0,"Operational","NVE96548#1","","","images/tools/tool_TL-104.jpg"
2024,"105","TESLA","3DU RESOLVER COVER","0135-0800005","","DIE-JRTL-105","110T","","","80 SPM","die casting              เนเธย2 Cav.เนเธย","","","SPCC-SD","1.0mm","","","","","","THAI",,4800000,10000000,,0,"Operational","","","","images/tools/tool_TL-105.jpg"
2025,"106","SumiRiko Eastern Rubber (Thailand) Ltd. (ESIE Plant)","ASSIVE BRKT","SB-092A-2","","DIE-JRTL-106","110T","","","80 SPM","die casting              เนเธย1 Cav.เนเธย","","","ADC12","1.0mm","","/","","","/","THAI",,3900000,10000000,,0,"Operational","","","","images/tools/tool_TL-106.jpg"
2025,"107","SumiRiko Eastern Rubber (Thailand) Ltd. (ESIE Plant)","OUTER","SB-087A-1","","Q24.TS.091","300T","7#","","25 SPM","Progressive Tooling เนเธย1 Cav.เนเธย","","1300mm*650mm*490mm","SPHC","2.0","149*89","","Unilateral 0.14mm","","","THAI",27943,27943,10000000,,0,"Operational","","","","images/tools/tool_TL-107.jpg"
2025,"108","STL","METAL BOX 4/6 WAY","NMS/BRU30887","02.3","D24TL129  D24TL132 D24TL133 D24TL134","200T,260T","10#,11#","","20.0 SPM","Single Tooling            เนเธย1 Cav.เนเธย","","820mm*640mm*390mm 920mm*640mm*390mm 820mm*630mm*390mm 820mm*630mm*390mm","SPCC-SD","1.0","418*370.5","","","","","THAI",156873,156873,2000000,,8,"Operational","BRU30887-88-89 P1/5#1","","","images/tools/tool_TL-108.jpg"
2025,"109","STL","METAL BOX 8/10 WAY","NMS/BRU30888","02.2","D24TL130 D24TL132 D24TL133 D24TL134","200T,260T","10#,11#","","20.0 SPM","Single Tooling            เนเธย1 Cav.เนเธย","","890mm*640mm*390mm 920mm*640mm*390mm 820mm*630mm*390mm 820mm*630mm*390mm","SPCC-SD","1.0","494*370.5","","","","","THAI",50057,50057,5000000,,1,"Operational","BRU30888 P2/5#1","","","images/tools/tool_TL-109.jpg"
2025,"110","STL","METAL BOX 14WAY","NMS/BRU30889","02.2","D24TL131 D24TL132 D24TL133 D24TL134","200T,260T","10#,11#","","20.0 SPM","Single Tooling            เนเธย1 Cav.เนเธย","","960mm*640mm*390mm 920mm*640mm*390mm 820mm*630mm*390mm 820mm*630mm*390mm","SPCC-SD","1.0","570*370.5","","","","","THAI",20337,20337,5000000,,0,"Operational","BRU30889 P2/5#1","","","images/tools/tool_TL-110.jpg"
2025,"111","STL","METAL COVER 4WAY","NMS/BRU30890","02.3","D24TL127","200T","10#","","20.0 SPM","Single Tooling            เนเธย1 Cav.เนเธย","","856mm*610mm*400mm","SPCC-SD","0.8","270*212.6","","","","","THAI",23174,23174,2000000,,1,"Operational","BRU30890-91 1/2#1","","","images/tools/tool_TL-111.jpg"
2025,"112","STL","METAL COVER 6WAY","NMS/BRU30891","02.2","D24TL127","200T","10#","","20.0 SPM","Single Tooling            เนเธย1 Cav.เนเธย","","856mm*610mm*400mm","SPCC-SD","0.8","","","","","","THAI",16317,16317,10000000,,0,"Operational","","","","images/tools/tool_TL-112.jpg"
2025,"113","STL","METAL COVER 8WAY","NMS/BRU30892","02.2","D24TL127","200T","10#","","20.0 SPM","Single Tooling            เนเธย1 Cav.เนเธย","","856mm*610mm*400mm","SPCC-SD","0.8","346.*212.6","","","","","THAI",11634,11634,2000000,,1,"Operational","BRU30892-93 1/2#1","","","images/tools/tool_TL-113.jpg"
2025,"114","STL","METAL COVER 10WAY","NMS/BRU30893","02.2","D24TL127","200T","10#","","20.0 SPM","Single Tooling            เนเธย1 Cav.เนเธย","","856mm*610mm*400mm","SPCC-SD","0.8","","","","","","THAI",6772,6772,10000000,,0,"Operational","","","","images/tools/tool_TL-114.jpg"
2025,"115","STL","METAL COVER 14WAY","NMS/BRU30894","02.2","D24TL127","200T","10#","","20.0 SPM","Single Tooling            เนเธย1 Cav.เนเธย","","856mm*610mm*400mm","SPCC-SD","0.8","423*212.6","","","","","THAI",3557,3557,2000000,,0,"Operational","BRU30894 1/2#1","","","images/tools/tool_TL-115.jpg"
2025,"116","SumiRiko Eastern Rubber (Thailand) Ltd. (ESIE Plant)","STOPPER RING","SB-092B-1-3","","24-TER024","300T","7#","","25.0 SPM","Progressive Tooling เนเธย1 Cav.เนเธย","","900mm*680mm*540mm","SAPH440","4.0","229*27","","","","","THAI",10164,10164,10000000,,0,"Operational","","","","images/tools/tool_TL-116.jpg"
2025,"117","SumiRiko Eastern Rubber (Thailand) Ltd. (ESIE Plant)","SPACER PLATE 1","SB-092A-1-4","","24-TER025","110T","3#","","55.0 SPM","Progressive Tooling เนเธย1 Cav.เนเธย","","610mm*450mm*295mm","SAPH440","2.6","104*66","","","","","THAI",7896,7896,10000000,,0,"Operational","","","","images/tools/tool_TL-117.jpg"
2025,"118","SumiRiko Eastern Rubber (Thailand) Ltd. (ESIE Plant)","SPACER PLATE 2","SB-092A-1-5","","24-TER026","300T","7#","","25.0 SPM","Progressive Tooling เนเธย1 Cav.เนเธย","","700mm*395mm*440mm","SAPH440","5","109*64","","","","","THAI",9746,9746,10000000,,0,"Operational","","","","images/tools/tool_TL-118.jpg"
2025,"119","SumiRiko Eastern Rubber (Thailand) Ltd. (ESIE Plant)","ACTIVE BRACKET UPPER","SB-092B-1-1","","24-TER022-1","500T","8#","","25.0 SPM","Progressive Tooling เนเธย1 Cav.เนเธย","","2500mm*800mm*600mm","SAPH440","6.0","324*220","","Unilateral 0.70mm","","","THAI",33638,33638,5000000,,1,"Operational","NVE96548#1","","","images/tools/tool_TL-119.jpg"
2025,"120","SumiRiko Eastern Rubber (Thailand) Ltd. (ESIE Plant)","ACTIVE BRACKET UPPER","SB-092B-1-1","","24-TER022-2","260T","10#","","30 SPM","Single Tooling            เนเธย1 Cav.เนเธย","","610mm*450mm*440mm","SPCC-SD","1.0mm","","","","","","THAI",33638,33638,5000000,,1,"Operational","NVE96548#1","","","images/tools/tool_TL-120.jpg"
2025,"121","SumiRiko Eastern Rubber (Thailand) Ltd. (ESIE Plant)","ACTIVE BRACKET UPPER","SB-092B-1-1","","24-TER022-3","200T","11#","","20.0 SPM","Single Tooling            เนเธย1 Cav.เนเธย","","760mm*340mm* 340mm","SPCC-SD","1.0mm","","","","","","THAI",33638,33638,5000000,,1,"Operational","NVE96548#1","","","images/tools/tool_TL-121.jpg"
2025,"122","SumiRiko Eastern Rubber (Thailand) Ltd. (ESIE Plant)","ACTIVE BRACKET UPPER","SB-092B-1-1","","24-TER022-4","260T","10#","","30 SPM","Single Tooling            เนเธย1 Cav.เนเธย","","670mm*450mm*340mm","SPCC-SD","1.0mm","","","","","","THAI",33638,33638,5000000,,1,"Operational","NVE96548#1","","","images/tools/tool_TL-122.jpg"
2025,"123","SumiRiko Eastern Rubber (Thailand) Ltd. (ESIE Plant)","ACTIVE ASSEMBLY","SB-092C-1","","SB-092B-1","robot welding","1#","","80 SPM","Welding Jig เนเธย1 Cav.เนเธย","","","SB-092B-1-1SB-092B-1-2 SB-092A-1-3SB-092A-1-4 SB-092A-1-5","1.0mm","","","","","","THAI",,5100000,10000000,,0,"Operational","","","","images/tools/tool_TL-123.jpg"
2025,"124","SumiRiko Eastern Rubber (Thailand) Ltd. (ESIE Plant)","ACTIVE BRACKET LOWER","SB-092B-1-2","","24-TER023","500T","8#","","25.0 SPM","Progressive Tooling เนเธย1 Cav.เนเธย","","1270mm*820mm*600mm","SAPH440","4.0","271*134","","Unilateral 0.48mm","","","THAI",6921,6921,5000000,,0,"Operational","NVE96548#1","","","images/tools/tool_TL-124.jpg"
2025,"125","JOYSON","AH BUCKLE BRACKET","1186603-AA","","Q24.JS.106","300T","7#","","40.0 SPM","Progressive Tooling เนเธย1 Cav.เนเธย","","1360mm*650mm*500mm","SPFH590","3.2","173*65","","","","","THAI",7404,7404,5000000,,0,"Operational","NVE96548#1","","","images/tools/tool_TL-125.jpg"
2025,"126","JOYSON","DIFFUSER","1185583-AA","","Q24.JS.105","150T","6#","","30 SPM","Progressive Tooling เนเธย1 Cav.เนเธย","","1440mm*610mm*395mm","SECC E16/E16","0.8","86*85","","","","","THAI",8312,8312,10000000,,0,"Operational","","","","images/tools/tool_TL-126.jpg"
2025,"127","STL","METAL BOX WH CSL","PDB  DBS30-8-U","","D24TL139","260T","10#","","30 SPM","Single Tooling            เนเธย1 Cav.เนเธย","","1020mm*910mm*407mm","SECC","1.0","254*549","","Unilateral 0.05mm","","","THAI",1591,1591,10000000,,0,"Operational","","","","images/tools/tool_TL-127.jpg"
2025,"128","STL","METAL BOX WH CSL","PDB DBS45-8-U","","D24TL139","260T","10#","","30 SPM","Single Tooling            เนเธย1 Cav.เนเธย","","1020mm*910mm*407mm","SECC","1.0","388*552","","Unilateral 0.05mm","","","THAI",1214,1214,10000000,,0,"Operational","","","","images/tools/tool_TL-128.jpg"
2025,"129","STL","METAL BOX WH CSL","PDB DBS60-8-U","","D24TL139","260T","10#","","30 SPM","Single Tooling            เนเธย1 Cav.เนเธย","","1020mm*910mm*407mm","SECC","1.0","522*552","","Unilateral 0.05mm","","","THAI",400,400,10000000,,0,"Operational","","","","images/tools/tool_TL-129.jpg"
2025,"130","STL","METAL BOX","PDB DBF45-8-U","","D24TL137","260T","10#","","30 SPM","Single Tooling            เนเธย1 Cav.เนเธย","","950mm*760mm*397mm","SECC","1.0","401*480","","Unilateral 0.05mm","","","THAI",800,800,10000000,,0,"Operational","","","","images/tools/tool_TL-130.jpg"
2025,"131","STL","METAL BOX","PDB DBF60-8-U","","D24TL138","260T","10#","","30 SPM","Single Tooling            เนเธย1 Cav.เนเธย","","950mm*890mm*397mm","SECC","1.0","535*480","","Unilateral 0.05mm","","","THAI",300,300,10000000,,0,"Operational","","","","images/tools/tool_TL-131.jpg"
2025,"132","JOYSON","RETAINER KNEE","1185578-AC","","Q24.JS.108","500T","8#","","25 SPM","Progressive Tooling เนเธย1 Cav.เนเธย","","2990mm*860mm*600mm","SECC E16/16","1.0","267*225","","","","","THAI",5298,5298,10000000,,0,"Operational","","","","images/tools/tool_TL-132.jpg"
2025,"133","JOYSON","Retainer Bracket L&R","1185581/1185582-AA","","Q24.JS.110","500T","8#","","25 SPM","Progressive Tooling เนเธย2 Cav.เนเธย","","1600mm*850mm*540mm","SECC E16/16","1.6","400*75","","","","","THAI",8001,8001,5000000,,0,"Operational","NVE96548#1","","","images/tools/tool_TL-133.jpg"
2025,"134","JOYSON","Retainer side plate L&R","1185579/1185580-AB","","Q24.JS.109","500T","8#","","25 SPM","Progressive Tooling เนเธย2 Cav.เนเธย","","2100mm*650mm*540mm","SECC E16/16","1.0","252*88","","","","","THAI",6577,6577,10000000,,0,"Operational","","","","images/tools/tool_TL-134.jpg"
2025,"135","JOYSON","RETAINER COMP KNEE","1185577-AD","","DIE-JRTL-135","robot welding","3#","","80 SPM","Welding Jig เนเธย1 Cav.เนเธย","","","SPCC-SD","1.0mm","","","","","","THAI",,4300000,10000000,,0,"Operational","","","","images/tools/tool_TL-135.jpg"
2025,"136","SRK-A","PLATE","11-658A-3","","24-TER028","150T","6#","","80 SPM","Progressive Tooling เนเธย1 Cav.เนเธย","","1040mm*580mm*320mm","SPHC","1..6","109*104","","","","","THAI",53509,53509,10000000,,1,"Operational","","","","images/tools/tool_TL-136.jpg"
2025,"137","SRK-A","INNER","11-669A-2","","24-TER027","500T","8#","","80 SPM","Progressive Tooling เนเธย1 Cav.เนเธย","","2080mm*670mm*600mm","SPHD","3.2","160*133","","","","","THAI",15519,15519,10000000,,0,"Operational","","","","images/tools/tool_TL-137.jpg"
2025,"138","STL","GLAND PLATE","7.5170148E7","","D24TL145 D24TL146","110T","9#","","25.0 SPM","Single Tooling            เนเธย1 Cav.เนเธย","","700mm*450mm*262mm 700mm*500mm*272mm","SPCC-SD","1.0","180*420","","","","","THAI",83541,83541,5000000,,2,"Operational","75170148#3,P2-3","","","images/tools/tool_TL-138.jpg"
2025,"139","STL","LC600 BOX","7.5170145E7","","D24TL143(D25TL039)","260T","10#","","20.0 SPM","Single Tooling            เนเธย1 Cav.เนเธย","","1140mm*830mm*410.4mm","SPCC-SD","1.4","665.8*642","","","","","THAI",16561,16561,5000000,,0,"Operational","75170145#3,P2-3","","","images/tools/tool_TL-139.jpg"
2025,"140","STL","LC600 COVER","7.5170152E7","","D24TL148","200T","11#","","20.0 SPM","Single Tooling            เนเธย1 Cav.เนเธย","","896mm*700mm*400mm","SPCC-SD","1.2","358*584","","","","","THAI",956,956,5000000,,0,"Operational","75170152,3,4,5 #3,P3-4","","","images/tools/tool_TL-140.jpg"
2025,"141","STL","LC600 COVER","7.5170153E7","","D25TL158","200T","11#","","20.0 SPM","Single Tooling            เนเธย1 Cav.เนเธย","","896mm*700mm*400mm","SPCC-SD","1.2","358*584","","","","","THAI",7241,7241,5000000,,0,"Operational","75170153,4 #3,P2-4","","","images/tools/tool_TL-141.jpg"
2025,"142","STL","LC600 COVER","7.5170154E7","","D25TL158 D24Tl149","200T,110T","11#,9#","","20.0 SPM","Single Tooling            เนเธย1 Cav.เนเธย","","896mm*700mm*400mm 690mm*410mm*262mm","SPCC-SD","1.2","358*584","","","","","THAI",20135,20135,10000000,,0,"Operational","","","","images/tools/tool_TL-142.jpg"
2025,"143","STL","LC600 COVER","7.5170155E7","","D24TL148 D24Tl149","200T,110T","11#,9#","","20.0 SPM","Single Tooling            เนเธย1 Cav.เนเธย","","896mm*700mm*400mm 690mm*410mm*262mm","SPCC-SD","1.2","358*584","","","","","THAI",1197,1197,10000000,,0,"Operational","","","","images/tools/tool_TL-143.jpg"
2025,"144","STL","LC600 FLAT DOOR","7.5170162E7","","D24TL141","200T","11#","","20.0 SPM","Single Tooling            เนเธย1 Cav.เนเธย","","960mm*590mm*400mm","SPCC-SD","1.2","423*595","","","","","THAI",16893,16893,5000000,,0,"Operational","75170162#3,P2-3","","","images/tools/tool_TL-144.jpg"
2025,"145","STL","LC600 CURVE DOOR","7.5170166E7","","Bending Machine","110T","","","80 SPM","Bending Machine","","","SPCC-SD","0.7","463.7*550.4","","","","","THAI",,4500000,1000000,,0,"Critical Attention","75170166#3,P1-2","","","images/tools/tool_TL-145.jpg"
2025,"146","JOYSON","CE Base Frame RR","1185900.0","","Q25.JS.029","500T","8#","","25.0 SPM","Single Tooling            เนเธย1 Cav.เนเธย","","2600mm*750mm*600mm","SPFH590","2.0","221*107","","","","","THAI",,5900000,10000000,,0,"Operational","","","","images/tools/tool_TL-146.jpg"
2025,"147","JOYSON","RR Upper Bracket","1170026.0","","Q25.JS.030","300T","7#","","25.0 SPM","Single Tooling            เนเธย1 Cav.เนเธย","","1360mm*580mm*480mm","SAPH440","2.0","83*70","","","","","THAI",,14773,5000000,,0,"Operational","NVE96548#1","","","images/tools/tool_TL-147.jpg"
2025,"148","JOYSON","CE BASE UNIT RR 5677","1185677-AB0","","Riveting Machine","110T","","","80 SPM","Progressive Tooling","","","SPCC-SD","1.0mm","","","","","","THAI",,4600000,10000000,,0,"Operational","","","","images/tools/tool_TL-148.jpg"
2025,"149","SumiRiko Eastern Rubber (Thailand) Ltd. (ESIE Plant)","OUTER (FE)","SB-100B-1","","Q25TS023","300T","7#","","25.0 SPM","Progressive Tooling เนเธย1 Cav.เนเธย","","1460mm*740mm490mm","SPHC","2.0","149*94","","","","","THAI",18685,18685,10000000,,0,"Operational","","","","images/tools/tool_TL-149.jpg"
2025,"150","SumiRiko Eastern Rubber (Thailand) Ltd. (ESIE Plant)","BRKT","SB-104A-1-1","","Q25TS026-1","500T","8#","","25.0 SPM","Progressive Tooling เนเธย1 Cav.เนเธย","","2200mm*730mm*600mm","SAPH440","6.0","280*180","","","","","THAI",15628,15628,10000000,,0,"Operational","","","","images/tools/tool_TL-150.jpg"
2025,"151","SumiRiko Eastern Rubber (Thailand) Ltd. (ESIE Plant)","BRKT","SB-104A-1-1","","Q25TS026-2","200T","11#","","30.0 SPM","Single Tooling            เนเธย1 Cav.เนเธย","","700mm*460mm*440mm","SPCC-SD","1.0mm","","","","","","THAI",15628,15628,10000000,,0,"Operational","","","","images/tools/tool_TL-151.jpg"
2025,"152","SumiRiko Eastern Rubber (Thailand) Ltd. (ESIE Plant)","BRKT","SB-104A-1-1","","Q25TS026-3","110T","9#","","30.0 SPM","Single Tooling            เนเธย1 Cav.เนเธย","","730mm*430mm*295mm","SPCC-SD","1.0mm","","","","","","THAI",15628,15628,10000000,,0,"Operational","","","","images/tools/tool_TL-152.jpg"
2025,"153","SumiRiko Eastern Rubber (Thailand) Ltd. (ESIE Plant)","BRKT SUB ASSY","SB-104A-1-2","","Q25TS027","500T","8#","","25.0 SPM","Progressive Tooling เนเธย1 Cav.เนเธย","","1500mm*770mm*600mm","SAPH440","4.0","218*118","","","","","THAI",6826,6826,10000000,,0,"Operational","","","","images/tools/tool_TL-153.jpg"
2025,"154","SumiRiko Eastern Rubber (Thailand) Ltd. (ESIE Plant)","BRKT SUB ASSY","SB-104A-1","","DIE-JRTL-154","110T","","","80 SPM","Welding Jig เนเธย1 Cav.เนเธย","","","SPCC-SD","1.0mm","","","","","","THAI",6826,6826,10000000,,0,"Operational","","","","images/tools/tool_TL-154.jpg"
2025,"155","SumiRiko Eastern Rubber (Thailand) Ltd. (ESIE Plant)","INNER","TH-11-711A-1","","DIE-JRTL-155","110T","","","80 SPM","Die casting              เนเธย4 Cav.เนเธย","","","SPCC-SD","1.0mm","","","","","","THAI",,5300000,10000000,,0,"Operational","","","","images/tools/tool_TL-155.jpg"
2025,"156","SumiRiko Eastern Rubber (Thailand) Ltd. (ESIE Plant)","INNER","TH-11-712A-1","","DIE-JRTL-156","110T","","","80 SPM","Die casting              เนเธย4 Cav.เนเธย","","","SPCC-SD","1.0mm","","","","","","THAI",,2900000,10000000,,0,"Operational","","","","images/tools/tool_TL-156.jpg"
2025,"157","SumiRiko Eastern Rubber (Thailand) Ltd. (ESIE Plant)","BRKT","TH-523A-1","","DIE-JRTL-157","110T","","","80 SPM","Die casting              เนเธย2 Cav.เนเธย","","","SPCC-SD","1.0mm","","","","","","THAI",,4000000,10000000,,0,"Operational","","","","images/tools/tool_TL-157.jpg"
2025,"158","SumiRiko Eastern Rubber (Thailand) Ltd. (ESIE Plant)","BRKT","TH-524A-1","","DIE-JRTL-158","110T","","","80 SPM","Die casting              เนเธย1 Cav.เนเธย","","","SPCC-SD","1.0mm","","","","","","THAI",,5100000,10000000,,0,"Operational","","","","images/tools/tool_TL-158.jpg"
2025,"159","SumiRiko Eastern Rubber (Thailand) Ltd. (ESIE Plant)","BRKT(FE)","TH-538A-1","","25-TER029","500T","8#","","25 SPM","Progressive Tooling เนเธย1 Cav.เนเธย","","2784mm*700mm*600mm","SPCC-SD","3.2","198*176","","","","","THAI",778,778,10000000,,0,"Operational","","","","images/tools/tool_TL-159.jpg"
2025,"160","JOYSON","Retainer Ring Assembly","5036775-AA","","Q25.JS.051","300T","7#","","30 SPM","Progressive Tooling เนเธย1 Cav.เนเธย","","2260mm*700mm*540mm","DC51D Z90/90","1.2","152*130","","","","","THAI",42340,42340,10000000,,0,"Operational","","","","images/tools/tool_TL-160.jpg"
2025,"161","JOYSON","Retainer Ring Assembly","5036755-AA","","Q25.JS.054","110T","9#","","60 SPM","Single Tooling            เนเธย1 Cav.เนเธย","","650mm*480mm*280mm","SPCC-SD","1.0mm","","","","","","THAI",33923,33923,10000000,,0,"Operational","","","","images/tools/tool_TL-161.jpg"
2025,"162","JOYSON","Inflator Bracket RH","5037025-AA","","Q25.JS.053","500T","8#","","25 SPM","Progressive Tooling เนเธย2 Cav.เนเธย","","2090mm*740mm*600mm","DC53D Z90/90","1.5","162*137","","","","","THAI",18004,18004,5000000,,0,"Operational","NVE96548#1","","","images/tools/tool_TL-162.jpg"
2025,"163","JOYSON","Inflator Bracket LH","5036909-AA","","DIE-JRTL-163","110T","","","80 SPM","Progressive Tooling","","","SPCC-SD","1.0mm","","","","","","",19667,19667,5000000,,0,"Operational","NVE96548#1","","","images/tools/tool_TL-163.jpg"
2025,"164","JOYSON","Anti-Rotation Clip","5037028-AA","","Q25.JS.052","110T","3#","","60 SPM","Progressive Tooling เนเธย2 Cav.เนเธย","","720mm*465mm*291mm","DC53D Z90/90","1","87*20","","","","","THAI",196842,196842,10000000,,2,"Operational","","","","images/tools/tool_TL-164.jpg"
2025,"165","STL","UVR Latch","48187076#1","","Transfer Tool GP MFG","80T","#1","","80 SPM","Progressive Tooling เนเธย1 Cav.เนเธย","","230mm*260mm260mm","SPCC-4D","0.8","32*15","","","","","THAI",,5800000,10000000,,0,"Operational","","","","images/tools/tool_TL-165.jpg"
2025,"166","STL","Lever, Shaft Release","48187087#1","","Transfer Tool GP MFG","80T","#1","","80 SPM","Progressive Tooling เนเธย2 Cav.เนเธย","","300mm*245mm*260mm","SPCC-4D","2","70*13","","","","","THAI",,3400000,10000000,,0,"Operational","","","","images/tools/tool_TL-166.jpg"
2025,"167","STL","Slide Plate","48187114#1","","Transfer Tool GP MFG","80T","#1","","80 SPM","Progressive Tooling เนเธย1 Cav.เนเธย","","520mm*225mm*260mm","SPCC-4D","1","56*60","","","","","THAI",,4500000,10000000,,0,"Operational","","","","images/tools/tool_TL-167.jpg"
2025,"168","STL","Resi Box Bracket","NVE96549","","D24TL165 D24TL166 D24TL167","200T 260T 200T","#11 #10 #11","","80 SPM","Single Tooling            เนเธย1 Cav.เนเธย","","710mm*460mm*400mm 840mm*690mm*413mm 700mm*460mm*400mm","SPCC-4D","1","272*250","","","","","THAI",101588,101588,5000000,,2,"Operational","NVE96549,P2_4#1","","","images/tools/tool_TL-168.jpg"
2025,"169","STL","BOX 2+6เนเธย6 WAY","NVE96520","","D25TL135 D25TL139","200T 260T","#11 #10","","80 SPM","Single Tooling            เนเธย1 Cav.เนเธย","","690mm*490mm*390mm 860mm*440mm*390mm","SPCC-4D","1","343.8*210","","","","","THAI",21014,21014,5000000,,0,"Operational","NVE96520,P2_3#1","","","images/tools/tool_TL-169.jpg"
2025,"170","STL","BOX 2+10เนเธย10 WAY","NVE96528","","D25TL136 D25TL139","200T 260T","#11 #10","","80 SPM","Single Tooling            เนเธย1 Cav.เนเธย","","690mm*490mm*390mm 860mm*440mm*390mm","SPCC-4D","1","343.8*286","","","","","THAI",15233,15233,5000000,,0,"Operational","NVE96528,P2_3#1","","","images/tools/tool_TL-170.jpg"
2025,"171","STL","BOX 2+14เนเธย14 WAY","NVE96535","","D25TL137 D25TL139","200T 260T","#11 #10","","80 SPM","Single Tooling            เนเธย1 Cav.เนเธย","","740mm*490mm*390mm 860mm*440mm*390mm","SPCC-4D","1","343.8*362","","","","","THAI",161,161,5000000,,0,"Operational","NVE96535,P2_3#1","","","images/tools/tool_TL-171.jpg"
2025,"172","STL","BOX 2+18เนเธย18 WAY","NVE96543","","D25TL138 D25TL139","260T 260T","#10","","80 SPM","Single Tooling            เนเธย1 Cav.เนเธย","","840mm*530mm*390mm 860mm*440mm*390mm","SPCC-4D","1","343.8*512","","","","","THAI",70,70,5000000,,0,"Operational","NVE96543,P2_3#1","","","images/tools/tool_TL-172.jpg"
2025,"173","STL","Resi Cover Bracket","NVE96548","","D24TL093","300T","7#","","80 SPM","Progressive Tooling เนเธย1 Cav.เนเธย","","985mm*760mm*452.8mm","SPCC-SD","0.8","275*44","","","","","THAI",77267,77267,5000000,,2,"Operational","NVE96548#1","","","images/image1.png"
2025,"174","STL","Resi Cover 4-Way Resi Cover 6-Way Resi Cover 10-Way Resi Cover 14-Way Resi Cover 4+4-Way Resi Cover 18Way Resi Cover 8+8Way ResiCover 8+4Way","QGH11468เธขย เธขย   NVE96519 NVE96526  NVE96533  QGH13944 NVE96542 QGH14032 QGH14027","","D25TL239 D25TL129 D25TL130","200T 200T 260T","11# 11# 10#","","80 SPM","Single Tooling            เนเธย1 Cav.เนเธย","","1046mm*630mm*400mm 1046mm*610mm*400mm 1280mm*666mm*400mm","SPCC-SD","0.8","323 *250  323 *327  323 *408  323 *408 323 *533 323 *533  323 *533","","","","","THAI",30547,30547,5000000,,1,"Operational","NVE96519-42,P1.1_3#1","","","images/tools/tool_TL-174.jpg"
2025,"175","SANHUA","SHIELD, ASSY, RESOLVER","3507-2027","","Q25.SH.046","110T","5#","","80 SPM","Progressive Tooling เนเธย1 Cav.เนเธย","","925mm*445mm*295mm","SAE1018","1","69*66","","","","","THAI",59016,59016,10000000,,1,"Operational","","","","images/image1.png"
2025,"176","SANHUA","SHIELD, RESOLVER STATOR","3605-2367","","Q25.SH.045","300T","7#","","80 SPM","Progressive Tooling เนเธย2 Cav.เนเธย","","1375mm*730mm*460mm","SAE1018","1","162*80","","","","","THAI",81386,81386,10000000,,1,"Operational","","","","images/tools/tool_TL-176.jpg"
2025,"177","TUOPU","LOW HOUSING-L","10383173","","W25.TP.010","300T","7#","","80 SPM","Progressive Tooling เนเธย1 Cav.เนเธย","","1180mm*820mm*540mm","QSTE420TM","3","263*88","","","","","THAI",15139,15139,10000000,,0,"Operational","","","","images/tools/tool_TL-177.jpg"
2025,"178","TUOPU","LOW HOUSING-R","10383180","","W25.TP.011","300T","7#","","80 SPM","Progressive Tooling เนเธย1 Cav.เนเธย","","1195mm*820mm*540mm","QSTE420TM","3","270*90","","","","","THAI",15559,15559,10000000,,0,"Operational","","","","images/tools/tool_TL-178.jpg"
2025,"179","TUOPU","UP HOUSING","10383172","","W25TP012-1","500T","8#","","80 SPM","Progressive Tooling เนเธย1 Cav.เนเธย","","1435mm*930mm*600mm","QSTE420TM","3.5","326*107","","","","","THAI",24126,24126,10000000,,0,"Operational","","","","images/tools/tool_TL-179.jpg"
2025,"180","TUOPU","UP HOUSING","10383172","","W25TP012-2","300T","7#","","80 SPM","Single Tooling            เนเธย1 Cav.เนเธย","","1930mm*970mm*540mm","SPCC-SD","1.0mm","","","","","","THAI",24126,24126,10000000,,0,"Operational","","","","images/tools/tool_TL-180.jpg"
2025,"181","TUOPU","UP HOUSING","10383179","","W25TP013-1","500T","8#","","80 SPM","Progressive Tooling เนเธย1 Cav.เนเธย","","1470mm*960mm*600mm","QSTE420TM","3.5","335*110","","","","","THAI",16113,16113,10000000,,0,"Operational","","","","images/tools/tool_TL-181.jpg"
2025,"182","TUOPU","UP HOUSING","10383179","","W25TP013-2","300T","7#","","80 SPM","Single Tooling            เนเธย1 Cav.เนเธย","","1930mm*970mm*540mm","SPCC-SD","1.0mm","","","","","","THAI",16113,16113,10000000,,0,"Operational","","","","images/tools/tool_TL-182.jpg"
2025,"183","TUOPU","REAR SUSPENSION LIMITER","10378575","","Q25.TP.055","300T","7#","","80 SPM","Progressive Tooling เนเธย1 Cav.เนเธย","","1190mm*650mm*540mm","QSTE340TM","3.9","213*33","","","","","THAI",14776,14776,10000000,,0,"Operational","","","","images/tools/tool_TL-183.jpg"
2025,"184","TUOPU","LOWER SHEET METAL ASSEMBLY","10383086","","Q25.TP.056-1","300T","7#","","80 SPM","Progressive Tooling เนเธย1 Cav.เนเธย","","1769mm*640mm*540mm","QSTE340TM","3.7","155*112","","","","","THAI",34025,34025,10000000,,0,"Operational","","","","images/tools/tool_TL-184.jpg"
2025,"185","TUOPU","LOWER SHEET METAL ASSEMBLY","10383086","","Q25.TP.056-2","110T","9#","","80 SPM","Single Tooling            เนเธย1 Cav.เนเธย","","750mm*420mm*295mm","SPCC-SD","1.0mm","","","","","","THAI",34025,34025,10000000,,0,"Operational","","","","images/tools/tool_TL-185.jpg"
2025,"186","TUOPU","LOWER SHEET METAL ASSEMBLY","10383086","","Q25.TP.056-3","110T","9#","","80 SPM","Single Tooling            เนเธย1 Cav.เนเธย","","680mm*430mm*295mm","SPCC-SD","1.0mm","","","","","","THAI",34025,34025,10000000,,0,"Operational","","","","images/tools/tool_TL-186.jpg"
2025,"187","SumiRiko Eastern Rubber (Thailand) Ltd. (ESIE Plant)","BRKT(FE)","TH-538A-2-1","","25-TER030-1","500T","8#","","80 SPM","Progressive Tooling เนเธย1 Cav.เนเธย","","2970mm*900mm*650mm","JSH440W","2.9","210*205","","","","","THAI",5583,5583,10000000,,0,"Operational","","","","images/tools/tool_TL-187.jpg"
2025,"188","SumiRiko Eastern Rubber (Thailand) Ltd. (ESIE Plant)","BRKT(FE)","TH-538A-2-1","","25-TER030-2","110T","9#","","80 SPM","Single Tooling            เนเธย1 Cav.เนเธย","","710mm*580mm**350mm","SPCC-SD","1.0mm","","","","","","THAI",5583,5583,10000000,,0,"Operational","","","","images/tools/tool_TL-188.jpg"
2025,"189","SumiRiko Eastern Rubber (Thailand) Ltd. (ESIE Plant)","BRKT(FE)","TH-538A-2-1","","25-TER030-2.5","110T","9#","","80 SPM","Single Tooling            เนเธย1 Cav.เนเธย","","800mm*520mm*350mm","SPCC-SD","1.0mm","","","","","","THAI",5583,5583,10000000,,0,"Operational","","","","images/tools/tool_TL-189.jpg"
2025,"190","SumiRiko Eastern Rubber (Thailand) Ltd. (ESIE Plant)","BRKT(FE)","TH-538A-2-1","","25-TER030-3","110T","9#","","80 SPM","Single Tooling            เนเธย1 Cav.เนเธย","","720mm*596mm*330mm","SPCC-SD","1.0mm","","","","","","THAI",5583,5583,10000000,,0,"Operational","","","","images/tools/tool_TL-190.jpg"
2025,"191","SumiRiko Eastern Rubber (Thailand) Ltd. (ESIE Plant)","BRKT(FE)","TH-538A-2-2","","25TER031","500T","8#","","80 SPM","Progressive Tooling เนเธย1 Cav.เนเธย","","2075mm*780mm*565mm","JSH270C","1.6","119*108","","","","","THAI",1682,1682,10000000,,0,"Operational","","","","images/tools/tool_TL-191.jpg"
2025,"192","STL","U BOX 450mm","BRU53714","","D25TL066 D25TL067","260T 260T","10#","","80 SPM","Single Tooling            เนเธย1 Cav.เนเธย","","1380mm*840mm*364.4mm 980mm*800mm*412mm","SPCC-SD","1.4","675*456","","","","","THAI",26634,26634,5000000,,1,"Operational","BRU53714 P4_5#1","","","images/tools/tool_TL-192.jpg"
2025,"193","STL","Extension BOX","NAT18070","","D25TL066 D25TL067 D25TL064","260T 260T 200T","10# 11#","","80 SPM","Single Tooling            เนเธย1 Cav.เนเธย","","1380mm*840mm*364.4mm 980mm*800mm*412mm 840mm*720mm*410.4mm","SPCC-SD","1.0mm","","","","","","THAI",,4500000,5000000,,0,"Critical Attention","BRU-NAT18070#1","","","images/tools/tool_TL-193.jpg"
2025,"194","STL","U BOX 600mm","BRU53715","","D25TL066 D25TL068","260T 260T","10#","","80 SPM","Single Tooling            เนเธย1 Cav.เนเธย","","1380mm*840mm*364.4mm 1070mm*840mm*410.4mm","SPCC-SD","1.4","675*606","","","","","THAI",27829,27829,5000000,,1,"Operational","BRU53715 P4_5#1","","","images/tools/tool_TL-194.jpg"
2025,"195","STL","U BOX 750mm","BRU53716","","D25TL066 D25TL069","260T 260T","10#","","80 SPM","Single Tooling            เนเธย1 Cav.เนเธย","","1380mm*840mm*364.4mm 1220mm*840mm*410.4mm","SPCC-SD","1.4","675*756","","","","","THAI",4117,4117,5000000,,0,"Operational","BRU53716 P4_5#1","","","images/tools/tool_TL-195.jpg"
2025,"196","STL","U BOX 900mm","BRU53771","","D25TL066 D25TL070","260T 260T","10#","","80 SPM","Single Tooling            เนเธย1 Cav.เนเธย","","1380mm*840mm*364.4mm 1320mm*840mm*410.4mm","SPCC-SD","1.4","675*906","","","","","THAI",1047,1047,5000000,,0,"Operational","BRU53771 P4_5#1","","","images/tools/tool_TL-196.jpg"
2025,"197","STL","Gland plate","BRU53717","","D25TL071 D25TL072 D25TL073","500T 200T 200T","8# 11#","","80 SPM","Progressive Tooling เนเธย1 Cav.เนเธย          Single Tooling            เนเธย1 Cav.เนเธย","","2580mm*980mm*591.2mm 770mm*510mm*410mm 960mm*510mm*400mm","SPCC-SD","1.2","478*178","","","","","THAI",159737,159737,5000000,,3,"Operational","BRU53717 P1_3#1","","","images/tools/tool_TL-197.jpg"
2025,"198","STL","Door 450mm","BRU53743","","D25TL005","200T","11#","","80 SPM","Single Tooling            เนเธย1 Cav.เนเธย","","790mm*640mm*400mm","SPCC-SD","1.2","415*485","","","","","THAI",11325,11325,5000000,,0,"Operational","BRU53743 P2_2#1","","","images/tools/tool_TL-198.jpg"
2025,"199","STL","Door 600mm","BRU53744","","D25TL076","260T","10#","","80 SPM","Single Tooling            เนเธย1 Cav.เนเธย","","1040mm*660mm*400mm","SPCC-SD","1.2","415*635","","","","","THAI",10667,10667,5000000,,0,"Operational","BRU53744 P2_2#1","","","images/tools/tool_TL-199.jpg"
2025,"200","STL","Door 750mm","BRU53747","","D25TL077","260T","10#","","80 SPM","Single Tooling            เนเธย1 Cav.เนเธย","","1190mm*660mm*400mm","SPCC-SD","1.2","415*790","","","","","THAI",2667,2667,5000000,,0,"Operational","BRU53747 P2_2#1","","","images/tools/tool_TL-200.jpg"
2025,"201","STL","Door 900mm","BRU53749","","D25TL078","260T","10#","","80 SPM","Single Tooling            เนเธย1 Cav.เนเธย","","1340mm*660mm*400mm","SPCC-SD","1.2","415*930","","","","","THAI",570,570,5000000,,0,"Operational","BRU53749 P2_2#1","","","images/tools/tool_TL-201.jpg"
2025,"202","STL","Cover EZ100 450mm 12w","BRU53718","","D25TL092","260T","10#","","80 SPM","Single Tooling (Common)","","1186mm*700mm*400mm","SPCC-SD","1.4","357.4*420","","","","","THAI",7409,7409,5000000,,0,"Operational","BRU53718-46 P4_5#1","","","images/tools/tool_TL-202.jpg"
2025,"203","STL","Cover LUG250 450mm 12w","BRU53738","","DIE-JRTL-203","110T","","","80 SPM","Progressive Tooling","","","SPCC-SD","1.4","357.4*420","","","","","THAI",37,37,10000000,,0,"Operational","","","","images/tools/tool_TL-203.jpg"
2025,"204","STL","Cover LUG100 450mm 12w","BRU53724","","D25TL080 D25TL092","110T 260T","9# 10#","","80 SPM","Single Tooling (Common)","","740mm*490mm*270mm 1186mm*700mm*400mm","SPCC-SD","1.4","357.4*420","","","","","THAI",986,986,5000000,,0,"Operational","BRU53724-25 P2_5#1","","","images/tools/tool_TL-204.jpg"
2025,"205","STL","Cover LUG100 450mm 18w","BRU53725","","DIE-JRTL-205","110T","","","80 SPM","Progressive Tooling","","","SPCC-SD","1.4","357.4*420","","","","","THAI",829,829,10000000,,0,"Operational","","","","images/tools/tool_TL-205.jpg"
2025,"206","STL","EXTENSION BOX COVER","NAT18071","","D25TL092","260T","10#","","80 SPM","Single Tooling (Common)","","1186mm*700mm*400mm","SPCC-SD","1.4","357.4*420","","","","","THAI",,5400000,10000000,,0,"Operational","","","","images/tools/tool_TL-206.jpg"
2025,"207","STL","Cover EZ100 600mm 18w","BRU53719","","D25TL092","260T","10#","","80 SPM","Single Tooling (Common)","","1186mm*700mm*400mm","SPCC-SD","1.4","357.4*570","","","","","THAI",9533,9533,5000000,,0,"Operational","BRU53719-26 P2_5#1","","","images/tools/tool_TL-207.jpg"
2025,"208","STL","Cover LUG250 600mm 18w","BRU53739","","DIE-JRTL-208","110T","","","80 SPM","Progressive Tooling","","","SPCC-SD","1.4","357.4*570","","","","","THAI",,4100000,10000000,,0,"Operational","","","","images/tools/tool_TL-208.jpg"
2025,"209","STL","Cover LUG100 600mm 30w","BRU53727","","D25TL083 D25TL092","200T 260T","11# 10#","","80 SPM","Single Tooling (Common)","","1036mm*700mm*400mm 1186mm*700mm*400mm","SPCC-SD","1.4","357.4*570","","","","","THAI",916,916,10000000,,0,"Operational","","","","images/tools/tool_TL-209.jpg"
2025,"210","STL","Cover LUG250 600mm 24w","BRU53740","","D25TL082 D25TL092","200T 260T","11# 10#","","80 SPM","Single Tooling (Common)","","1036mm*700mm*400mm 1186mm*700mm*400mm","SPCC-SD","1.4","357.4*570","","","","","THAI",858,858,10000000,,0,"Operational","","","","images/tools/tool_TL-210.jpg"
2025,"211","STL","Cover LUG250 600mm 30w","BRU53741","","DIE-JRTL-211","110T","","","80 SPM","Progressive Tooling","","","SPCC-SD","1.4","357.4*570","","","","","THAI",,3900000,10000000,,0,"Operational","","","","images/tools/tool_TL-211.jpg"
2025,"212","STL","Cover LUG100 600mm 24w","BRU53726","","D25TL083 D25TL092","200T 260T","11# 10#","","80 SPM","Single Tooling (Common)","","1036mm*700mm*400mm 1186mm*700mm*400mm","SPCC-SD","1.4","357.4*570","","","","","THAI",3242,3242,10000000,,0,"Operational","","","","images/tools/tool_TL-212.jpg"
2025,"213","STL","Cover LUG100 600mm 36w","BRU53728","","DIE-JRTL-213","110T","","","80 SPM","Progressive Tooling","","","SPCC-SD","1.4","357.4*570","","","","","THAI",734,734,5000000,,0,"Operational","BRU53728 P2_5#1","","","images/tools/tool_TL-213.jpg"
2025,"214","STL","Cover EZ100 600mm 24w","BRU53720","","D25TL082 D25TL092","200T 260T","11# 10#","","80 SPM","Single Tooling (Common)","","1036mm*700mm*400mm 1186mm*700mm*400mm","SPCC-SD","1.4","357.4*570","","","","","THAI",11126,11126,10000000,,0,"Operational","","","","images/tools/tool_TL-214.jpg"
2025,"215","STL","Cover EZ100 600mm 30w","BRU53721","","DIE-JRTL-215","110T","","","80 SPM","Progressive Tooling","","","SPCC-SD","1.4","357.4*570","","","","","THAI",4829,4829,10000000,,0,"Operational","","","","images/tools/tool_TL-215.jpg"
2025,"216","STL","Cover EZ250 600mm 12w","BRU53730","","D25TL092","260T","10#","","80 SPM","Single Tooling (Common)","","1186mm*700mm*400mm","SPCC-SD","1.4","357.4*570","","","","","THAI",167,167,10000000,,0,"Operational","","","","images/tools/tool_TL-216.jpg"
2025,"217","STL","Cover EZ250 600mm 18w","BRU53731","","DIE-JRTL-217","110T","","","80 SPM","Progressive Tooling","","","SPCC-SD","1.4","357.4*570","","","","","THAI",207,207,10000000,,0,"Operational","","","","images/tools/tool_TL-217.jpg"
2025,"218","STL","Cover EZ100 750mm 36w","BRU53722","","D25TL085 D25TL092","260T","10#","","80 SPM","Single Tooling (Common)","","1190mm*660mm*400mm 1186mm*700mm*400mm","SPCC-SD","1.4","357.4*720","","","","","THAI",2535,2535,5000000,,0,"Operational","BRU53722-42 P2_5#1","","","images/tools/tool_TL-218.jpg"
2025,"219","STL","Cover EZ100 750mm 42w","BRU53723","","DIE-JRTL-219","110T","","","80 SPM","Progressive Tooling","","","SPCC-SD","1.4","357.4*720","","","","","THAI",1811,1811,10000000,,0,"Operational","","","","images/tools/tool_TL-219.jpg"
2025,"220","STL","Cover LUG250 750mm 42w","BRU53745 (Cancel)","","DIE-JRTL-220","110T","","","80 SPM","Progressive Tooling","","","SPCC-SD","1.4","357.4*720","","","","","THAI",183,183,10000000,,0,"Operational","","","","images/tools/tool_TL-220.jpg"
2025,"221","STL","Cover LUG100 750mm 42w","BRU53729","","DIE-JRTL-221","110T","","","80 SPM","Progressive Tooling","","","SPCC-SD","1.4","357.4*720","","","","","THAI",380,380,10000000,,0,"Operational","","","","images/tools/tool_TL-221.jpg"
2025,"222","STL","Cover LUG250 750mm 36w","BRU53742","","DIE-JRTL-222","110T","","","80 SPM","Progressive Tooling","","","SPCC-SD","1.4","357.4*720","","","","","THAI",,5500000,10000000,,0,"Operational","","","","images/tools/tool_TL-222.jpg"
2025,"223","STL","Cover EZ250 750mm 24w","BRU53732","","D25TL092","260T","10#","","80 SPM","Single Tooling (Common)","","1186mm*700mm*400mm","SPCC-SD","1.4","357.4*720","","","","","THAI",235,235,10000000,,0,"Operational","","","","images/tools/tool_TL-223.jpg"
2025,"224","STL","Cover EZ250 750mm 30w","BRU53734","","DIE-JRTL-224","110T","","","80 SPM","Progressive Tooling","","","SPCC-SD","1.4","357.4*720","","","","","THAI",183,183,10000000,,0,"Operational","","","","images/tools/tool_TL-224.jpg"
2025,"225","STL","Cover EZ250 900mm 36w","BRU53735","","D25TL092","260T","10#","","80 SPM","Single Tooling (Common)","","1186mm*700mm*400mm","SPCC-SD","1.4","357.4*872","","","","","THAI",245,245,10000000,,0,"Operational","","","","images/tools/tool_TL-225.jpg"
2025,"226","STL","Cover EZ250 900mm 42w","BRU53736","","DIE-JRTL-226","110T","","","80 SPM","Progressive Tooling","","","SPCC-SD","1.4","357.4*872","","","","","THAI",111,111,10000000,,0,"Operational","","","","images/tools/tool_TL-226.jpg"
2025,"227","STL","Cover EZ250 900mm 48w","BRU53737","","DIE-JRTL-227","110T","","","80 SPM","Progressive Tooling","","","SPCC-SD","1.4","357.4*872","","","","","THAI",706,706,10000000,,0,"Operational","","","","images/tools/tool_TL-227.jpg"
2025,"228","STL","Cover LUG250 900mm 48w","BRU53746","","DIE-JRTL-228","110T","","","80 SPM","Progressive Tooling","","","SPCC-SD","1.4","357.4*872","","","","","THAI",30,30,10000000,,0,"Operational","","","","images/tools/tool_TL-228.jpg"
2025,"229","STL","Arc stack side Left,#4","48187102#4","","D25TL179","110T","9#","","30 SPM","Progressive Tooling เนเธย4 Cav.เนเธย","","680mm*440mm*298mm","G9","1.0","100*70","","","","","THAI",258,258,10000000,1071047,0,"Operational","48187199#3","","","images/tools/tool_TL-229.jpg"
2025,"230","STL","Arc stack side right,#4","48187110#4","","D25TL178","110T","9#","","30 SPM","Progressive Tooling เนเธย4 Cav.เนเธย","","680mm*440mm*298mm","G9","1.0","100*70","","","","","THAI",1328,1328,10000000,1071047,0,"Operational","48187199#3","","","images/tools/tool_TL-230.jpg"
2025,"231","STL","Arc stack side Medium,#4","48187111#4","","D25TL180","110T","9#","","30 SPM","Progressive Tooling เนเธย4 Cav.เนเธย","","680mm*440mm*298mm","GP0-3","1.0","100*70","","","","","THAI",,1274200,10000000,1071047,0,"Operational","48187199#3","","","images/tools/tool_TL-231.jpg"
2026,"232","JOYSON","STAY UPPER 0092","1189785","","Q25.JS.072","300T","7#","","25 SPM","Progressive Tooling เนเธย2 Cav.เนเธย","","1650mm*665mm*540mm","SPFH590","2","218*69","","","","","THAI",2000,2000,10000000,,0,"Operational","","","","images/tools/tool_TL-232.jpg"
2026,"233","JOYSON","CJ BASE","1189791 1189790","","Q25.JS.073","500T","8#","","25 SPM","Progressive Tooling เนเธย1 Cav.เนเธย","","2090mm*710mm*600mm","SPFH590","2","228*109","","","","","THAI",1220,1220,10000000,,0,"Operational","","","","images/tools/tool_TL-233.jpg"
2026,"234","JOYSON","TIE BAR 0088","1189792","","Q25.JS.071","150T","6#","","50 SPM","Progressive Tooling เนเธย2 Cav.เนเธย","","1110mm*505mm*390mm","SPFH590","1.6","95*79","","","","","THAI",2002,2002,10000000,,0,"Operational","","","","images/tools/tool_TL-234.jpg"
2026,"235","STL","SWITCH MECHANISM ROD 1","AAV18685#TH1","","D25TL203","110T","5#/#4","","50 SPM","Progressive Tooling เนเธย2 Cav.เนเธย","","460mm*435mm*263mm","SUS301","1","41*10","","","","","THAI",13020,13020,10000000,,0,"Operational","","","","images/tools/tool_TL-235.jpg"
2026,"236","STL","SWITCH MECHANISM ROD 1 PRESSED FIT","AAV62979#TH1","","D25TL208","110T","5#/#4","","50 SPM","Progressive Tooling เนเธย2 Cav.เนเธย","","460mm*435mm*263mm","SUS301","1","41*10","","","","","THAI",5000,5000,10000000,,0,"Operational","","","","images/tools/tool_TL-236.jpg"
2026,"237","STL","SWITCH MECHANISM FLANGE","AAV18695#TH1","","W25TL004","110T","4#","","70 SPM","Progressive Tooling เนเธย1 Cav.เนเธย","","700mm*510mm*362.8mm","SUS430","0.8","40*28","","","","","THAI",4080,4080,10000000,,0,"Operational","","","","images/tools/tool_TL-237.jpg"
2026,"238","STL","SWITCH MECHANISM FRAME","AAV18687#TH1","","W25TL005","150T","6#","","70 SPM","Progressive Tooling เนเธย1 Cav.เนเธย","","820mm*520mm*365.8mm","SUS430","0.8","48*38","","","","","THAI",7847,7847,10000000,,0,"Operational","","","","images/tools/tool_TL-238.jpg"
2026,"239","JOYSON","CJ BASE FRAME 8709","5038709.0","","Q25.JS.075","500T","8#","","25.0 SPM","Progressive Tooling เนเธย1 Cav.เนเธย","","2090mm*710mm*600mm","SPFH590","2.0","232*109","","","","","THAI",19382,19382,10000000,,0,"Operational","","","","images/tools/tool_TL-239.jpg"
2026,"240","JOYSON","CJ TIE BAR IEA 8710","5038710","","Q25.JS.076","300T","7#","","30 SPM","Progressive Tooling เนเธย2 Cav.เนเธย","","1315mm*580mm*460mm","SPFH590","1.6","175*65","","","","","THAI",12660,12660,10000000,,0,"Operational","","","","images/tools/tool_TL-240.jpg"
2026,"241","JOYSON","CJ UPPER STAY FR, RH","5038517","","Q25.JS.078","500T","8#","","30 SPM","Progressive Tooling เนเธย2 Cav.เนเธย","","2560mm*870mm*600mm","SPFH590","2","269*94","","","","","THAI",2928,2928,10000000,,0,"Operational","","","","images/tools/tool_TL-241.jpg"
2026,"242","JOYSON","CJ UPPER STAY FR, LH","5038515","","Q25.JS.077","500T","8#","","30 SPM","Progressive Tooling เนเธย2 Cav.เนเธย","","1950mm*670mm*600mm","SPFH590","2","283*69","","","","","THAI",7072,7072,10000000,,0,"Operational","","","","images/tools/tool_TL-242.jpg"
2026,"243","STL","SWITCH MECHANISM ROD 2","AAV18686#TH1","","D25.TL.204","110T","#1","","50 SPM","Progressive Tooling เนเธย2 Cav.เนเธย","","470mm*435mm*263mm","SUS301","1","18*12","","","","","THAI",,2500000,10000000,,0,"Operational","","","","images/tools/tool_TL-243.jpg"
2026,"244","STL","Switch mechanism plate/Switch mechanism plate pressed","AAV18694/ AAV62978#TH1","","D25.TL.205","110T","#4","","50 SPM","Progressive Tooling เนเธย1+1 Cav.เนเธย","","515mm*400mm*263mm","SUS301","1","53*13","","","","","THAI",,3600000,10000000,,0,"Operational","","","","images/tools/tool_TL-244.jpg"
2026,"245","STL","CORNE D","AAV95851#TH1","","D25TL186","80T","#1","","90 SPM","Progressive Tooling เนเธย2 Cav.เนเธย","","520mm*370mm*264.6mm","SPCC-4D","0.6","38*10","","","","","THAI",,1200000,10000000,,0,"Operational","","","","images/tools/tool_TL-245.jpg"
2026,"246","STL","INPUT TERMINAL RCCB C60 Steel","HRB64569#TH1","","D25TL201","110T","#5","","50 SPM","Progressive Tooling เนเธย2 Cav.เนเธย","","845mm*520mm*282.5mm","SPCC-4D","1.5","76*17","","","","","THAI",1100,1100,10000000,,0,"Operational","","","","images/tools/tool_TL-246.jpg"
2026,"247","STL","LOAD TERMINAL","HRB64565#TH1","","D25TL187","110T","#5","","60 SPM","Progressive Tooling เนเธย2 Cav.เนเธย","","600mm*480mm*277.5mm","SPCC-4D","1.5","67.5*13.5","","","","","THAI",,17320885,5000000,15251815,0,"Critical Attention","48187055/255#3","","","images/tools/tool_TL-247.jpg"
2026,"248","STL","YOKE","48187064#5","","D25TL176","110T","#5","","60 SPM","Progressive Tooling เนเธย4 Cav.เนเธย","","900mm*435mm*282mm","SPCC-4D","2","85*28.5","","","","","THAI",,15589119,5000000,14522857,0,"Critical Attention","48187064#4","","","images/tools/tool_TL-248.jpg"
2026,"249","STL","MIDDLE TERMINAL","48187096#4","","D25TL177","110T","#4","","50 SPM","Progressive Tooling เนเธย2 Cav.เนเธย","","874mm*490mm*312.5mm","SPCC-4D","1.5","45*11","","","","","THAI",2914444,2914444,5000000,15122050,58,"Operational","48187096#3","","","images/tools/tool_TL-249.jpg"
2026,"250","STL","MID TERM HEATER 1JR","48187254#2","","D26TL002","110T","#3","","50 SPM","Progressive Tooling เนเธย2 Cav.เนเธย","","830mm*450mm*267mm","1Cr13A14","2","57*28","","","","","THAI",,4120418,2000000,3407854,0,"Critical Attention","48187254#2","","","images/tools/tool_TL-250.jpg"
2026,"251","TSKT","BRKT-INST RHD","M101-64278","","Q26TS031","300T","7#","","30 SPM","Progressive Tooling เนเธย1 Cav.เนเธย","","1769mm*640mm*540mm","SECC 20/20","2","165*37","","","","","THAI",500,500,10000000,,0,"Operational","","","","images/tools/tool_TL-251.jpg"
2026,"252","TSKT","BRKT-INST","M101-64275","","Q26TS029","500T","8#","","25 SPM","Progressive Tooling เนเธย1 Cav.เนเธย","","1342mm*810mm*600mm","SPCN2-N (SPCC-SD)","1.2","470*72","","","","","THAI",,1900000,10000000,,0,"Operational","","","","images/tools/tool_TL-252.jpg"
2026,"253","TSKT","BRKT-INST","M101-64276-2","","Q26TS030","110T","","","80 SPM","Progressive Tooling เนเธย1 Cav.เนเธย","","875mm*440mm*281.2mm","SPCN2-N (SPCC-SD)","1.2","140*60","","","","","THAI",200,200,10000000,,0,"Operational","","","","images/tools/tool_TL-253.jpg"
